<?xml version="1.0" encoding="UTF-8"?>
<strings>
    <!-- INSPIRE metadata rules translation / START -->
    
    <!-- List of pattern title -->
    <identification>Identyfikacja</identification>
    <dataIdentification>Identyfikacja danych</dataIdentification>    
    <serviceIdentification>Identyfikacja usług</serviceIdentification>
    <theme>Słowa kluczowe i tematy INSPIRE</theme>
    <serviceTaxonomy>Taksonomia usług INSPIRE</serviceTaxonomy>
    <geo>Położenie geograficzne</geo>
    <temporal>Odniesienie czasowe</temporal>
    <quality>Jakość i ważność</quality>
    <conformity>Zgodność</conformity>
    <constraints>Ograniczenia dotyczące dostępu i korzystania</constraints>
    <org>Organizacja odpowiedzialna</org>
    <metadata>Metadane o metadanych</metadata>
    
    
    <alert.M35><div><h2>Brak tytułu zasobu</h2></div></alert.M35>
    <report.M35><div><h2>Znaleziono tytuł zasobu:</h2></div></report.M35>
    <alert.M36><div><h2>Brak streszczenia zasobu.</h2>
        <br/>
        <b>Przykład:</b><br/>
        Dane topograficzne w dużej skali(1:1.000) obejmujące zasięgiem obszar całego kraju.
    </div></alert.M36>
    <report.M36><div><h2>Streszczenie zasobu:</h2></div></report.M36>
    <alert.M37><div><h2>Typ zasobu nie istnieje lub ma nieprawidłową wartość.</h2>
        <br/>
        <b>Instrukcje implementacyjne:</b><br/>
        Wartości MD_ScopeCode w zakresie
		dyrektywy (patrz SC4 w 1.2) to:
        <ul>
            <li>zbiór danych (dataset) dla zbiorów danych;</li>
            <li>seria (series) dla serii zbiorów danych;</li>
            <li>Usługa (service) dla usług sieciowych danych przestrzennych.</li>
        </ul> 
        Wartość hierarchyLevel nie jest wymagana przez ISO
		19115, ale jest wymagane przez INSPIRE
        Metadata Implementing rules (patrz SC2 w 1.2).       
    </div></alert.M37>
    <report.M37><div><h2>typ zasobu to: </h2></div></report.M37>
    <alert.M38><div><h2>Brak unikalnego identyfikatora zasobu</h2>
        <br/>
        <b>Instrukcje implementacyjne:</b><br/>        
        Obowiązkowy dla zbiorów danych i serii.<br/>
        <b>Przykład:</b> 527c4cac-070c-4bca-9aaf-92bece7be902
    </div></alert.M38>
    <report.M38><div>Unikalny identyfikator zasobu to:</div></report.M38>
    <report.M38.codespace><div>Przestrzeń nazw identyfikatora zasobu to:</div></report.M38.codespace>
    <alert.M39><div><h2>Kategoria tematyczna INSPIRE jest wymagana.</h2><br/>
Kategorie tematyczne określone w części D 2 dokumentu INSPIRE
metadata implementing rules pochodzą bezpośrednio listy
kategorii tematycznych określonej w częsci B.5.27 normy ISO 19115.
INSPIRE metadata implementing rules definiuje temety danych przestrzennych, 
z którymi powiązane są kategorie tematyczne, np.:
Jednostki administracyjne (I.4) i Jednostki statystyczne (III.1) 
to tematy danych przestrzennych powiązane z kategorią "Granice".
    </div></alert.M39>
    <report.M39><div>Kategoria tematyczna to:</div></report.M39>
    <alert.M40><div><h2>temat danych przestrzennych INSPIRE jest obowiązkowy</h2></div></alert.M40>
    <report.M40><div> Odnaleziono temat danych INSPIRE.</div></report.M40>
    <alert.M41><div><h2>INSPIRE - Geograficzny prostokąt ograniczający jest obowiązkowy</h2><br/>
        <ul>
            <li>
                Obowiązkowy dla serii i zbiorów danych przestrzennych.                
            </li>
            <li>
                Warunkowy dla usług danych przestrzennych: 
				Gdy można określić zakres przestrzenny usługi                
            </li>
        </ul>
        
        <b>Instrukcje implementacyjne</b>
        <ul>
            <li>
Istnieje tak wiele prostokątów ograniczających określających geograficzną
lokalizację zasobu ile instancji
identificationInfo [1] / * / extent / * / geographicElement posiadających właściwości
westBoundLongitude, eastBoundLongitude,
southBoundLatitude northBoundLatitude.    
            </li>
            <li>
                Prostokąt ograniczający powinien być możliwie najmniejszy.      
            </li>
            <li>
                Jeśli prostokąt ograniczający przechodzi przez 180 południk, to wartość 
				westBoundLongitude będzie większa niż wartość eastBoundLongitude.     
            </li>
            <li>
Współrzędne prostokąta ograniczającego są wyrażone w dowolnym
układzie współrzędnych geograficznych odniesionych do południka Greenwich
(Zobacz SC13 w 1.2).
            </li>
        </ul>      
        
    </div></alert.M41>
    <alert.M41.N><div>Element NorthBoundLongitude ma nieprawidłową lub pustą zawartość</div></alert.M41.N>
    <alert.M41.S><div>Element SouthBoundLongitude ma nieprawidłową lub pustą zawartość</div></alert.M41.S>
    <alert.M41.E><div>Element EastBoundLongitude ma nieprawidłową lub pustą zawartość</div></alert.M41.E>
    <alert.M41.W><div>Element WestBoundLongitude ma nieprawidłową lub pustą zawartość</div></alert.M41.W>
    <report.M41.N><div>NorthBoundLongitude znaleziony:</div></report.M41.N>
    <report.M41.S><div>SouthBoundLongitude znaleziony:</div></report.M41.S>
    <report.M41.E><div>EastBoundLongitude znaleziony:</div></report.M41.E>
    <report.M41.W><div>WestBoundLongitude znaleziony:</div></report.M41.W>
    
    <alert.M42><div><h2>INSPIRE - Odniesienie czasowe jest obowiązkowe</h2>
        Nie odnaleziono elementu Odniesienie czasowe.
        <b>instrukcje implementacyjne</b><br/>
        Zakres czasowy definiuje okres objęty treścią zasobu. Okres ten 
		może być wyrażony w jednej z następujących postaci:
		— data,
		— przedział dat wyrażony przez datę początkową i datę końcową przedziału,
		— kombinacja daty i przedziału dat.
        <br/>
        <b>Przykład:</b>
        Od 1977-03-10T11:45:30 do 2005-01-15T09:10:00
    </div></alert.M42>
    <alert.M42.creation><div>Element 
        MD_Metadata.identificationInfo[1].MD_Identification.citation.CI_Citation.date 
        zadeklarowany jako data utworzenia, nie powinien występować więcej niż raz.</div></alert.M42.creation>
    <report.M42.begin><div>Zakres czasowy (początek) znaleziony: </div></report.M42.begin>
    <report.M42.end><div>Zakres czasowy (koniec) znaleziony: </div></report.M42.end>
    <report.M42.publication><div>Data publikacji zasobu znaleziona:</div></report.M42.publication>
    <report.M42.creation><div>Data utworzenia zasobu znaleziona:</div></report.M42.creation>
    <report.M42.revision><div>Data przeglądu zasobu znaleziona:</div></report.M42.revision>
    
    
    <alert.M43><div><h2>INSPIRE - Pochodzenie zasobu jest obowiązkowe</h2><br/>
        <ul>
            <li>Obowiązkowe dla serii i zbiorów danych przestrzennych.</li>
            <li>Nie odnosi się do usług danych przestrzennych.</li>
        </ul>
		Oprócz ogólnego określenia pochodzenia zasobu przez producenta zbioru danych,
		w tym elemencie można umieścić informacje o jakości danych.<br/>
        <b>Przykład:</b>    Zbiór danych powstał na podstawie digitalizacji analogowej mapy w skali 1:5000.
        
    </div></alert.M43>
    <report.M43><div><h2>Pochodzenie zostało odnalezione.</h2></div></report.M43>
    
    
    <alert.M44><div><h2>INSPIRE - Zgodność jest obowiązkowa (DQ_DomainConsistency.result.DQ_ConformanceResult)</h2><br/>

        
        <b>przykład:</b> Tytuł “Przepisy wykonawcze INSPIRE określające 
rozwiązania techniczne dla interoperacyjności i
harmonizacji granic administracyjnych.”.
                
    </div></alert.M44>
    <report.M44.nonev><div>Stopień zgodności zasobu nie został jeszcze oceniony.</div></report.M44.nonev>
    <report.M44.degree><div>Stopień zgodności odnaleziony:</div></report.M44.degree>
    <report.M44.spec><div>Specyfikacja:</div></report.M44.spec>
    
    <alert.M45.rc><div><h2>Element 
        MD_Metadata.identificationInfo[1].MD_Identification.resourceConstraints 
		powinien zostać określony przynajmniej raz.</h2></div></alert.M45.rc>
    <report.M45.ac><div>Ograniczenia dostępu (accessConstraints) znalezione:</div></report.M45.ac>
    <report.M45.class><div>Ograniczenia dostępu (classification) znalezione:</div></report.M45.class>
    <alert.M45.or><div>Wartość 'accessConstraints' powinna zsotać określona jako 'inne ograniczenia', 
    	jeżeli określono elementy 'inne ograniczenia' określające ograniczenia w publicznym dostępie. Sprawdź warunki dostępu użytkowania
		oraz pola "inne ograniczenia".</div></alert.M45.or>
    <report.M45.or><div>Ograniczenia dostępu (otherConstraints) znalezione:</div></report.M45.or>
    <alert.M45.us><div>Warunki dotyczące dostępu i użytkowania nie zostały odnalezione.</div></alert.M45.us>
    <report.M45.us><div>Warunki dotyczące dostępu i użytkowania zostały znalezione.:</div></report.M45.us>


    <alert.M45><div><h2>INSPIRE - Warunki dostępu i użytkowania są obowiązkowe</h2><br/>
    </div></alert.M45>
    <alert.M46><div><h2>INSPIRE - Ograniczenia dostępu są obowiązkowe</h2></div></alert.M46>
    
    
    
    <alert.M47><div><h2>INSPIRE - Organizacja odpowiedzialna za zasób jest obowiązkowa</h2><br/>
        W odniesieniu do odpowiedzialnej organizacji, ale można określić
wiele organizacji odpowiedzialnych za jeden zasób. Nazwa organizacji i e-mail są wymagane.
        <br/>
        sprawdź sekcje identyfikacja / punkt kontaktowy.
    </div></alert.M47>
    <report.M47><div>Organizacja odpowiedzialna za zasób znaleziona.</div></report.M47>
    <alert.M47.info><div>Nazwa organizacji odpowiedzialnej za zasób i adres email nie zostały znalezione.</div></alert.M47.info>
    <report.M47.info><div>Nazwa organizacji odpowiedzialnej za zasób i adres email znalezione :</div></report.M47.info>
    
    <alert.M48><div><h2>INSPIRE - punkt kontaktowy do metadanych jest obowiązkowy</h2><br/>
        <b>Instrukcje implementacyjne:</b><br/>
		W celu zachowania zgodności z ISO 19115 należy określić
		osobę lub organizację odpowiedzialną za metadane. Wartość
		roli organizacji odpowiedzialnej powinna zostać określona jako 
		punkt kontaktowy (pointOfContact).
    </div></alert.M48>
    <alert.M48.role><div>Rola nie posiada wartości.</div></alert.M48.role>
    <report.M48><div>Znaleziono punkt kontaktowy do metadanych.</div></report.M48>
    <alert.M48.info><div>Nazwa organizacji odpowiedzialnej za metadane i adres email nie zostały znalezione.</div></alert.M48.info>
    <report.M48.info><div>Nazwa organizacji odpowiedzialnej za metadane i adres email znalezione :</div></report.M48.info>
    
    <alert.M49><div><h2>INSPIRE - język metadanych jest obowiązkowy</h2><br/>
        INSPIRE metadata implementing rules wymaga, aby określić język,
		w jakim utworzono metadane.
    </div></alert.M49>
    <report.M49><div>Język metadanych to :</div></report.M49>
    
    <alert.M50><div><h2>Odniesienie czasowe metadanych nie zostało znalezione.</h2></div></alert.M50>
    <report.M50><div><h2>Odniesienie czasowe metadanych to :</h2></div></report.M50>
    
    
    <alert.M51><div><h2>INSPIRE (usługi) - Element 'Powiązane zasoby' jest obowiązkowy, jeżeli adres do danych, na których operuje usługa jest dostępny.</h2>
        <br/>
        <b>Instrukcje implementacyjne:</b><br/>
        Nie dotyczy zbiorów danych i serii.<br/>
        Warunkowe dla usług: Obowiązkowy, jeżeli adres do danych, na których operuje usługa jest dostępny.<br/>

    </div></alert.M51>
    <report.M51><div>Powiązane zasoby znalezione: </div></report.M51>
    <alert.M52><div><h2>INSPIRE - Lokalizator zasobu jest obowiązkowy, jeśli dostępny jest adres zasobu.</h2><br/>
        <br/>
        <b>Instrukcje implementacyjne:</b><br/>
            <ul>
                <li>Podaj poprawny URL do zasobu. Jeżeli nie jest dostępny bezpośredni link,
				podaj do punktu kontaktowego, gdzie dostępne są informacje o zasobie.</li>
                <li>Dla usług, lokalizator zasobu może zostać podany jako:</li>
                <ul>
                    <li>Link do dokumentu możliwości usługi;</li>
                    <li>Link do dokumentu WSDL usługi (SOAP Binding);</li>
                    <li>Link do strony internetowej z dalszymi instrukcjami;</li>
                    <li>Link do aplikacji klienckiej, która posiada bezpośredni dostęp do usługi;</li>
                </ul>
            </ul>
            
    </div></alert.M52>
    <report.M52><div>lokalizator zasobu znaleziony:</div></report.M52>
    <alert.M53><div><h2>INSPIRE - Może wystąpić zero lub jeden warunek mający zastosowanie do dostępu i użytkowania</h2><br/>
        Ograniczenia dostępu odnoszą się do zagwarantowania ochrony
         prywatności lub własności intelektualnej, i wszelkich dodatkowych restrykcji
         i ograniczeń w użyciu zasobu.<br/>
        <b>Przykład:</b> intellectualPropertyRights (prawa do korzyści finansowych 
         i kontroli dystrybucji wartości niematerialnych, które są
         wynikiem kreatywności).
        <br/>
        Klasyfikacja:
        <b>Przykład:</b> ograniczony (nie do ogólnej wiadomości)
        <br/>
        Ograniczenia uzytkowania:
        <b>przykład:</b> nie może być używana do nawigacji
        <br/>
    </div></alert.M53>
    <alert.M54><div><h2>INSPIRE - Wartość accessConstraints jest otherRestrictions, wtedy i tylko wtedy, jeśli istnieją wystąpienia otherConstraints wyrażające ograniczenia dostępu publicznego.</h2></div></alert.M54>
    <alert.M55><div><h2>INSPIRE (zbiory i serie) - Język zasobu jest obowiązkowy, jeżeli zasób zawiera informacje tekstowe</h2><br/>
        <b>Instruklcje implementaczjne:</b><br/>
        Lista kodowa (yobacy ISO/TS 19139) oparta o kody z ISO 639-2.
    </div></alert.M55>
    <report.M55><div>Język zasobu to:</div></report.M55>
    <alert.M56><div><h2>INSPIRE - Rozdzielczość przestrzenna jest obowiązkowa, jeśli odpowiada skali lub odległość rozdzielczości może zostać określona</h2><br/>
        <b>Instrukcje implementacyjne:</b>
        <ul>
            <li>
                Rozdzielczość przestrzenna jest odpowiednikiem skali LUB odległości terenowej.                
            </li>
            <li>
				Jeśli określono dwie skale, lub dwie odległości, rozdzielczość przestrzenna
				zawiera się w zakresie określonym przeez te dwie wartości.             
            </li>
        </ul>
        <b>Przykład:</b> 5000 (np.: mapa w skali 1:5000)
    </div></alert.M56>
    <report.M56><div>Rozdzielczość przestrzenna została określona.</div></report.M56>
    
    <alert.M57><div><h2>[ISO19119 for services] - Nazwa operacji jest obowiązkowa</h2></div></alert.M57>
    
    <alert.M58><div>Brak informacji o taksonomii usługi (Wybierz jedno lub więcej słów kluczowych z tezaurusa "inspire-service-taxonomy.rdf")</div></alert.M58>
    <report.M58><div> określono taksonomię usługi.</div></report.M58>
    <alert.M59><div><h2>[ISO19119 for services] - ConnectPoint jest obowiązkowy</h2></div></alert.M59>
    <alert.M60><div><h2>[ISO19119 for services] - ServiceType jest obowiązkowy</h2><br/>
       Obowiązkowy dla usług.<br/>
        Nie dotyczy serii i zbiorów danych przestrzennych<br/>
        <b>Przykład:</b> 'wyświetlanie', 'wyszukiwanie', 'pobieranie', 'przetwarzanie', 'wywołanie', 'inne'
    </div></alert.M60>
    <report.M60><div>Typ usługi to:</div></report.M60>
    <!-- INSPIRE metadata rules translation / END -->
</strings>