<?xml version="1.0" encoding="UTF-8"?>
<help>
	<title>O stronie GeoNetwork opensource</title>
	<content>

		<p>Ta strona internetowa jest zasilana przez <a href="http://geonetwork-opensource.org" target="_blank">GeoNetwork opensource</a>
		</p>
		<p>
			<strong>GeoNetwork opensource</strong> jest zestandaryzowanym i zdecentralizowanym środowiskiem do zarządzania informacją przestrzenną, zaprojektowanym aby umożliwić dostęp do georeferencyjnych baz danych, produktów kartograficznych i związanych z nimi metadanych z różnych źródeł, usprawniających wymianę i współdzielenie informacji przestrzennej pomiędzy organizacjami a ich odbiorcami, przy użyciu możliwości, które daje internet. Takie podejście w zarządzaniu informacją geograficzną ma na celu ułatwienie szerokiej społeczności użytkowników informacji przestrzennej dostępu o każdym czasie do istniejących danych przestrzennych i map tematycznych, co może stanowić wsparcie informacyjne dla podejmujących decyzje.

		</p>
		<p>
			<span lang="EN-US">Mapy, włączając te pochodzące ze zdjęć satelitarnych,</span> są efektywnymi narzędziami komunikacji i odgrywają ważną rolę w pracach różnego<span lang="EN-US"> typu użytkowników:</span>

		</p>
		<ul type="disc" style="margin-top: 0cm;">
			<li>
				Podejmujący decyzje np. planiści oraz kierownicy akcji ratunkowych lub humanitarnych potrzebują szybkich, niezawodnych, aktualnych, łatwych w użyciu <span lang="EN-US">produktów kartograficznych </span>jako podstawy do<span lang="EN-US"> działania</span><span lang="EN-US"> i lepszego planowania i monitorowania swojej działalności.</span>

			</li>
			<li>
				Eksperci GIS potrzebują do wymiany poprawnych i aktualnych danych geograficznych.

			</li>
			<li>
				Osoby wykonujące analizy przestrzenne potrzebują wielodyscyplinarnych danych do wykonywania wstępnych analiz geograficznych i niezawodnych prognoz, aby w odpowiedni sposób przygotować interwencje na obszarach zagrożonych klęskami żywiołowymi.

			</li>
		</ul>
		<p>
			<span lang="EN-US">Głównym celem oprogramowania <b>GeoNetwork opensource </b> jest poprawienie dostępności różnorodnych danych, wraz ze skojarzonymi informacjami, w różnych skalach i pochodzących z wielu źródeł i dyscyplin, zorganizowanych i udokumentowanych w sposób logiczny i zestandaryzowany. </span>

		</p>
		<p>
			<span lang="EN-US">Głównymi wyzwaniami są: poprawienie wymiany i współdzielenia danych pomiędzy organizacjami, uniknięcie redundancji danych, zwiększenie współpracy i koordynacja wysiłków w zbieraniu danych, udostępnianie danych użytkownikom, a tym samym przyniesienie im korzyści, z jednoczesną ochroną prawa własności.</span>

		</p>
		<p>
			<span lang="EN-US"><a target="_blank" href="http://www.fao.org">FAO</a> i <a href="http://www.wfp.org" target="_blank">WFP</a> oraz ostatnio <a href="http://www.unep.org" target="_blank">UNEP</a>, połączyły swoją wiedzę fachową w pracach związanych z rozwojem <b>GeoNetwork opensource </b> jako wspólnej strategii w efektywnym współdzieleniu swoich baz danych przestrzennych wraz mapami cyfrowymi, zdjęciami satelitarnymi i związanymi informacjami statystycznymi. Te trzy agencje szeroko korzystają z komputerowych narzędzi do wizualizacji danych - znanych jako oprogramowanie dla Systemu Informacji Geograficznej (GIS) i Teledetekcji (RS), głównie do tworzenia map, które łączą różne warstwy informacji. <b>GeoNetwork opensource </b> dostarcza wydajnie tych narzędzi, udostępniając z jednego punktu dostępowego szeroką gamę map i innych informacji przestrzennych zapisanych w rozmieszczonych na całym świecie bazach danych.</span>

		</p>
		<p>
			<b><span lang="EN-US">GeoNetwork opensource </span></b><span lang="EN-US"> rozwija się aby połączyć społeczności informacji przestrzennej oraz ich dane </span>używając <span lang="EN-US">nowoczesnej architektury, która przy minimalnych kosztach zapewnia ogromne możliwości, a opiera się na </span>zasadach Free and Open Source Software (FOSS) oraz międzynarodowych i otwartych standardach dla serwisów i protokołów<span lang="EN-US"> (<a href="http://www.isotc211.org" target="_blank">ISO/TC211</a> i <a href="http://www.opengeospatial.org" target="_blank">OGC</a>).</span>
		</p>
		<p><a href="http://geonetwork-opensource.org" target="_blank">Czytaj więcej ...</a></p>
	</content>
</help>
