﻿<?xml version="1.0" encoding="UTF-8"?>
<strings>
	<select>Wybierz</select>
	<name>Nazwa</name>
	<directoryname>Katalog</directoryname>
	<type>Typ</type>
	<status>Status</status>
	<errors>Błędy</errors>
	<every>Interwał czasowy</every>
	<lastRun>Ostatnie uruchomienie</lastRun>
	<operation>Operacja</operation>

	<!-- harvesting types - - - - - - - - - - - - - - - - - - - - -->
	
	<info type="geonetwork">
		<short>GeoNetwork</short>
		<long>Zdalny węzeł GeoNetwork w wersji 2.1</long>
	</info>
	
	<info type="geonetwork20">
		<short>GeoNetwork 2.0</short>
		<long>Zdalny węzeł GeoNetwork w wersji 2.0</long>
	</info>
	
	<info type="webdav">
		<short>WebDAV</short>
		<long>Serwer WebDAV</long>
	</info>
	
	<info type="csw">
		<short>CSW/2.0</short>
		<long>Usługi katalogowe dla Web 2.0</long>
	</info>
	
	<info type="z3950">
		<short>Z3950</short>
		<long>Wyszukiwanie zdalne Z3950</long>
	</info>
		
	<info type="oaipmh">
		<short>OAIPMH</short>
		<long>OAI Protokół do harwestingu 2.0</long>
	</info>

	<info type="ogcwxs">
		<short>OGC WxS</short>
		<long>Usługi OGC Web (np. WMS, WFS, WCS, WPS)</long>
	</info>

	<info type="arcsde">
		<short>ArcSDE</short>
		<long>Serwer ArcSDE</long>
	</info>

	<info type="thredds">
		<short>Thredds</short>
		<long>Katalog Thredds</long>
	</info>
	
	<info type="metadatafragments">
		<short>Fragmenty WFS</short>
		<long>Fragmenty Metadanych z OGC WFS</long>
	</info>

	<info type="filesystem">
		<short>Lokalny System Plików</short>
		<long>Lokalny System Plików Harwestingu</long>
	</info>	

	<!-- Editing form - - - - - - - - - - - - - - - - - - - - - - -->

	<site>Strona WWW</site>

	<wxstype>Typ usługi OGC</wxstype>
	<wxstypes>
		<type value="WMS1.0.0">Usługa OGC Web Map Service (WMS) Wersja 1.0.0</type>
		<type value="WMS1.1.1">Usługa OGC Web Map Service (WMS) Wersja 1.1.1 - preferowana</type>
		<type value="WMS1.3.0">Usługa OGC Web Map Service (WMS) Wersja 1.3.0</type>
		<type value="WFS1.0.0">Usługa OGC Web Feature Service (WFS) Wersja 1.0.0</type>
		<type value="WFS1.1.0">Usługa OGC Web Feature Service (WFS) Wersja 1.1.0 - preferowana</type>
		<type value="WCS1.0.0">Usługa OGC Web Coverage Service (WCS) Wersja 1.0.0</type>
        <type value="WPS0.4.0">Usługa OGC Web Processing Service (WPS) Wersja 0.4.0</type>
        <type value="WPS1.0.0">Usługa OGC Web Processing Service (WPS) Wersja 1.0.0</type>        
	</wxstypes>
	
	<wxslang>Język Medanych</wxslang>
	<wxsImp>Typ importu</wxsImp>
	<wxs119Only>Domyślnie funkcja harwestingu GetCapabilities utworzy<br/> tylko metadane dla usług ISO19119.</wxs119Only>
	<wxs139>Utwórz metadane dla elementów warstw z użyciem informacji GetCapabilities.</wxs139>
	<wxs139Layer>Utwórz metadane dla elementów warstw z użyciem atrybutów URL metadanych (jeśli istnieją, jeśli nie użyj GetCapabilities).</wxs139Layer>
	<createThumbnails>Utwórz podglądy graficzne dla warstw WMS.</createThumbnails>
	
	<serviceCategory>Kategoria dla usługi</serviceCategory>
	<datasetCategory>Kategoria dla zbiorów danych</datasetCategory>

	<host>Host</host>
	<port>Port</port>
	<servlet>Serwlet</servlet>
	<useAccount>Użyj konta</useAccount>
	<username>Nazwa użytkownika</username>
	<password>Hasło</password>
	
	<search>Kryteria wyszukiwania</search>
	<siteName>Nazwa strony WWW</siteName>
	
	<freeText>Dowolny tekst</freeText>
	<title>Tytuł</title>
	<abstract>Streszczenie</abstract>
	<keywords>Słowa kluczowe</keywords>
	<subject>Temat</subject>
	<digital>Dane cyfrowe</digital>
	<hardcopy>Wydruk</hardcopy>
	<siteId>Identyfikator strony WWW</siteId>

	<retrieve>Wyszukaj</retrieve>
	<warn>Możesz wyszukać tylko po wypełnieniu części dot. strony WWW</warn>

	<content>Zawartość harwestowana</content>
	<importxslt>Zastosuj ten XSLT do rekordów harwestowanych</importxslt>

	<options>Opcje</options>
	<everySpec>(dni : godziny : minuty)</everySpec>
	<oneRun>Uruchom tylko raz</oneRun>
	<createGroups>Utwórz grupy</createGroups>
	<createCateg>Utwórz kategorie</createCateg>
	<active>Aktywny</active>
	<inactive>Nieaktywny</inactive>
    <retrieveSources>Wyszukaj źródła</retrieveSources>
	<retrieveGroups>Wyszukaj grupy</retrieveGroups>
	<retrieveInfo>Wyszukaj informację</retrieveInfo>
	<source>Źródło</source>
	<criteria>Kryteria</criteria>	
	<validate>Waliduj</validate>
	<recurse>Rekurencja</recurse>
	<nodelete>Pozostaw lokalne jeśli usunięte w źródłach</nodelete>
	<server>Serwer</server>	
	<database>Baza danych</database>	
	<privileges>Przywileje</privileges>
	<categories>Kategorie</categories>
	<url>URL</url>
	<capabUrl>URL do pobrania możliwości serwera</capabUrl>
	<icon>Ikona</icon>
	<group>Grupa</group>
	<groups>Grupy</groups>
	<remoteGroup>Grupa zdalna</remoteGroup>
	<copyPolicy>Kopiuj zasady</copyPolicy>
	<allGroup>Grupa 'All'</allGroup>	

	<policy>
		<copy>Kopiuj</copy>
		<createAndCopy>Utwórz i kopiuj</createAndCopy>
		<copyToIntranet>Kopiuj dla grupy w Intranecie</copyToIntranet>
		<dontCopy>Nie kopiuj</dontCopy>
	</policy>	
  
	<from>Od</from>
	<until>Do</until>
	<set>Ustaw</set>
	<prefix>Prefiks</prefix>
	<stylesheet>Arkusz stylów</stylesheet>
	
  <!-- Buttons -->
	
	<add>Dodaj</add>
	<edit>Edytuj</edit>
	<save>Zapisz</save>
	<activate>Aktywuj</activate>
	<deactivate>Deaktywuj</deactivate>
	<run>Uruchom</run>
	<remove>Usuń</remove>
	<refresh>Odśwież</refresh>
	
	<days>dni</days>
	<hours>godziny</hours>
	<mins>minuty</mins>

	<threddslang>Język Metadanych</threddslang>
	<threddsImp>Typ importu</threddsImp>
	<threddsServiceMdOnly19119>Utwórz metadane dla wszystkich usług w katalogu z użyciem ISO19119.</threddsServiceMdOnly19119>
	<threddsCollectionDataset19115>Utwórz metadane dla serii danych.</threddsCollectionDataset19115>
	<threddsAtomicDataset19115>Utwórz metadane dla pojedynczych zbiorów.</threddsAtomicDataset19115>
	<threddsCreateDefaultMd>Utwórz metadane domyślne</threddsCreateDefaultMd>
	<threddsCreateFragments>Dostosuj generowanie metadanych z użyciem fragmentów</threddsCreateFragments>
  <threddsFragmentStylesheetForCollections>Arkusz stylu konieczny do utworzenia fragmentów metadanych z serii danych</threddsFragmentStylesheetForCollections>
  <collectionFragmentStylesheet>Arkusz stylu serii</collectionFragmentStylesheet>
  <threddsFragmentStylesheetForAtomics>Arkusz stylu konieczny do utworzenia fragmentów metadanych z pojedynczych zbiorów</threddsFragmentStylesheetForAtomics>
  <atomicFragmentStylesheet>Arkusz stylu zbioru</atomicFragmentStylesheet>
	<threddsCreateSubtemplates>Utwórz podszablony dla fragmentów (będą użyte xlinki wygenerowania metadanych)</threddsCreateSubtemplates>
	<threddsIgnoreHarvestOnCollections>Zignoruj atrybut harwestingu na serii danych w katalogu</threddsIgnoreHarvestOnCollections>
	<threddsOSCollections>Wybierz schemat dla serii rekordów metadanych</threddsOSCollections>
	<threddsIgnoreHarvestOnAtomics>Zignoruj atrybut harwestingu pojedynczych zbiorach</threddsIgnoreHarvestOnAtomics>
	<threddsOSAtomics>Wybierz schemat dla rekordów pojedynczych zbiorów</threddsOSAtomics>
	<threddsCreateThumbnails>Utwórz podglądy graficzne dla wszystkich zbiorów dostarczonych przez WMS</threddsCreateThumbnails>
	
	<metadatafragmentsQuery>Zapytanie GetFeature</metadatafragmentsQuery>
	<metadataFragmentsStylesheet>Arkusz stylu konieczny do utworzenia fragmentów</metadataFragmentsStylesheet>
	<template>Szablon konieczny do utworzenia metadanych z użyciem fragmentów</template>
	<fragmentCategory>Kategoria dla fragmentów</fragmentCategory>
	<recordCategory>Kategoria dla rekordów zbudowanych z połączonych fragmentów</recordCategory>

	<z3950repositories>Serwer Z3950</z3950repositories>
	<z3950query>Zapytanie Z3950</z3950query>
	
	<cataUrl>Katalog URL</cataUrl>
	<!-- validator messages -->
	
	<validator>
		<length>
			<cannotBeEmpty>Pole '{NAME}' nie może być puste</cannotBeEmpty>
			<invalidMinSize>Pole '{NAME}' musi mieć przynajmniej {VALUE} znaków</invalidMinSize>
			<invalidMaxSize>Pole '{NAME}' musi mieć maksimum {VALUE} znaków</invalidMaxSize>
		</length>

		<integer>
			<notInt>Pole '{NAME}' musi być typu integer</notInt>
			<invalidMinValue>Pole '{NAME}' musi być &gt;= {VALUE}</invalidMinValue>
			<invalidMaxValue>Pole '{NAME}' musi być &lt;= {VALUE}</invalidMaxValue>
		</integer>		
		
		<alphanum>
			<notAlphaNumeric>Pole '{NAME}' musi zawierać znaki alfanumeryczne (pierwsza musi być litera)</notAlphaNumeric>
		</alphanum>
		
		<hostname>
			<notHostName>Pole '{NAME}' nie zawiera poprawnej nazwy hosta</notHostName>
		</hostname>
		
		<url>
			<notURL>Pole '{NAME}' nie zawiera poprawnego URL</notURL>
		</url>
	</validator>
	
	<!-- display messages -->
	
	<pleaseSelect>Wybierz co najmniej jedną pozycję</pleaseSelect>
	<pleaseSelectGroup>Wybierz co najmniej jedną grupę</pleaseSelectGroup>
	<cannotAdd>Dodanie nowej pozycji jest niemożliwe</cannotAdd>
	<cannotGet>Uzyskanie pozycji jest niemożliwe</cannotGet>
	<cannotRemove>Usunięcie wybranych pozycji jest niemożliwe</cannotRemove>
	<cannotStart>Nie może aktywować wybranych pozycji</cannotStart>
	<cannotStop>Nie może deaktywować wybranych pozycji</cannotStop>
	<cannotRun>Nie może uruchomić wybranych pozycji</cannotRun>
	<confirmRemove>Czy usunąć wybrane pozycje ? Węzły i wszystkie zebrane metadane zostaną usunięte.</confirmRemove>
	<everyZero>Okres zbierania w trybie "harvesting" nie może być ustalony na: 0:0:0</everyZero>
	<pleaseRetrieve>Wyszukaj najpierw jakieś strony WWW</pleaseRetrieve>
	<cannotRetrieve>Odszukanie informacji jest niemożliwe</cannotRetrieve>
	<cannotUpdate>Aktualizacja informacji na serwerze jest niemożliwa</cannotUpdate>
	<supplyHost>Uwzględnij parametr 'host'</supplyHost>
	<supplyServlet>Uwzględnij parametr 'serwlet'</supplyServlet>
	<pleaseSpecifySiteId>Określ nie pusty Site ID</pleaseSpecifySiteId>
	<cannotQueryOai>Nie może odpytać serwera OAI-PMH</cannotQueryOai>
	<gn20Unsafe>Ostrzeżenie: Zbieranie w trybie "harvesting" zdalnych węzłów GeoNetwork w wersji 2.0 nie jest bezpieczne. 
 					Stare węzły nie posiadają unikalnego identyfikatora strony WWW a to może powodować
					nieprzewidywalne rezultaty (jak np. usunięcie węzłów z innych zbiorów).</gn20Unsafe>
	<supplyUrl>Proszę podać ważny parametr 'url'</supplyUrl>
	<oper>
		<op id="0">Podgląd</op>
		<op id="1">Pobranie</op>
		<op id="2">Edycja</op>
		<op id="3">Zawiadomienie</op>
		<op id="4">Administracja</op>
		<op id="5">Interaktywne mapy</op>
		<op id="6">Charakterystyczny</op>
	</oper>
	
	<!-- tooltips - - - - - - - - - - - - - - - - - - - - - - - - - - -->
	
	<statusTip>
		<inactive>Nieaktywny</inactive>
		<active>Aktywny</active>
		<running>Uruchomiony</running>
	</statusTip>

	<tipHeader>
		<total>Wszystkie</total>
		<added>Dodane</added>
		<removed>Usunięte</removed>
		<updated>Zaaktualizowane</updated>
		<unchanged>Niezmienione</unchanged>
		<unknownSchema>Nieznany schemat</unknownSchema>
		<unretrievable>Niemożliwy do odszukania</unretrievable>
		<badFormat>Zły format XML</badFormat>
		<doesNotValidate>Nie dokonuje walidacji</doesNotValidate>
		<datasetAdded>Zbiory danych</datasetAdded>
		<datasetExist>Istniejącce zbiory danych</datasetExist>
		<datasetMdUrl>Użyty Url Metadanych</datasetMdUrl>
		<thumbnails>Podglądy graficzne</thumbnails>
		<thumbnailsFailed>Brak podglądów graficznych</thumbnailsFailed>
		<serviceRecords>Dodane Usługi</serviceRecords>
		<collectionDatasetRecords>Dodane serie</collectionDatasetRecords>
		<atomicDatasetRecords>Dodane pojedyncze zbiory</atomicDatasetRecords>
		<fragmentsAdded>Dodane Fragmenty</fragmentsAdded>
		<subtemplatesAdded>Dodane podszablony</subtemplatesAdded>
		<fragmentsRemoved>Usunięte Fragmenty</fragmentsRemoved>
		<subtemplatesRemoved>Usunięte podszablony</subtemplatesRemoved>
		<fragmentsUnknownSchema>Fragmenty Nieznanego Schematu</fragmentsUnknownSchema>
		<fragmentsReturned>Fragmenty Zwrócone</fragmentsReturned>
		<fragmentsMatched>Fragmenty Dopasowane</fragmentsMatched>
		<recordsBuilt>Utworzone Rekordy</recordsBuilt>
	</tipHeader>

	<notRun>Oczekujące na pierwsze uruchomienie</notRun>

<tips>
		<!-- geonetwork harvesting type - - - - - - - - - - - - - - - - - - - - - - -->
		
		<tip id="gn.name">
			Ogólna nazwa identyfikująca węzeł zbierany w trybie "harvesting"
		</tip>
		
		<tip id="gn.host">
			Zdalny host, z którym się chcesz połączyć
		</tip>

		<tip id="gn.retrieveSources">
			Określ parametry <i>host</i>, <i>port</i> i <i>serwlet</i> i naciśnij ten klawisz 
			aby odszukać wszystkie źródła znane w zdalnych węzłach.
		</tip>
		
		<tip id="gn.retrieveGroups">
			Określ parametry <i>host</i>, <i>port</i> i <i>serwlet</i> i naciśnij ten klawisz 
			aby odszukać wszystkie dostępne grupy ze zdalnego węzła.
		</tip>
		
		<tip id="gn.addSearch">
			Dodaj jedno wyszukiwanie w zdalnym węźle. Musisz określić conajmniej jedno wyszukiwanie 
      w celu odnalezienia jakiś metadanych.
		</tip>
		
		<tip id="gn.categories">
			Możesz przypisać jedną lub więcej kategorii do zbieranych metadanych.
      Użyj klawisza <b>&lt;CTRL&gt;</b> aby wybrać więcej niż jedną kategorię.
		</tip>

		<!-- Z3950 harvesting type - - - - - - - - - - - - - - - - - - - - - -->
	
		<tip id="z3950.repositories">
			Wybierz jeden lub więcej z wyświetlonych serwerów Z3950
		</tip>
		
		<tip id="z3950.query">
			Zapytanie powinno być ważnym zapytaniem Z3950 np: @attrset geo @attr 1=1016 @attr 4=6 @attr 2=3 "water"
		</tip>
	
		<tip id="z3950.profile">
			Wybierz profil (grupę) serwerów Z3950
		</tip>

		<!-- CSW harvesting type - - - - - - - - - - - - - - - - - - - - - - -->
		
		<tip id="csw.capabUrl">
			Podany adres URL musi wskazywać na dokument określającego opis możliwowści serwera.
			Format adresu URL pobierający możliwości serwera jest następujący:<br/>
			http://HOST/PATH?request=GetCapabilities&amp; service=CSW&amp; acceptVersions=2.0.1			
		</tip>
		
		<tip id="csw.addSearch">
			Dodaj wyszukiwanie w zdalnym serwerze. Musisz określić conajmniej jedno wyszukiwanie 
			w celu odnalezienia jakiś metadanych.
		</tip>
		
		<tip id="csw.groups">
			Możesz wybrać przywileje dla zbieranych metadanych.
		</tip>
		
		<tip id="csw.addGroups">
			Wybierz jedną lub więcej grup (używając klawisza <b>&lt;CTRL&gt;</b>) i naciśnij ten klawisz.
		</tip>
		
		<tip id="csw.categories">
			Możesz przypisać jedną lub więcej kategorii do zbieranych metadanych.
			Użyj klawisza <b>&lt;CTRL&gt;</b> aby wybrać więcej niż jedną kategorię.
		</tip>
		
		<!-- OGCWXS harvesting type - - - - - - - - - - - - - - - - - - - - - - -->
		
		<tip id="ogcwxs.wxstype">
			Typ usług sieciowych OGC.	
		</tip>
		
		<tip id="ogcwxs.version">
			Wersja usług sieciowych OGC.	
		</tip>
		
		<tip id="ogcwxs.lang">
			Język utworzonych metadanych.	
		</tip>
		
		<tip id="ogcwxs.capabUrl">
			Podany adres URL musi wskazywać na punkt wejściowy usługi sieciowej. Format adresu 
			URL jest podobny do:<br/>
			http://HOST/PATH			
		</tip>
		
		
		
		<tip id="ogcwxs.addSearch">
			Dodaj wyszukiwanie na serwerze zdalnym. Musisz określić co najmniej jedno wyszukiwanie w celu
			odnalezienia metadanych.
		</tip>
		
		<tip id="ogcwxs.groups">
			Możesz wybrać przywileje do połączenia z harwestowanymi metadanymi.
		</tip>
		
		<tip id="ogcwxs.addGroups">
			Wybierz co najmniej jedną grupę (z użyciem klawisza <b>&lt;CTRL&gt;</b>) z lewego panelu i naciśnij ten klawisz.
		</tip>
		
		<tip id="ogcwxs.categories">
			Musisz przypisać co najmniej jedną kategorię do harwestowanych metadanych. Użyj klawisza <b>&lt;CTRL&gt;</b> 
			aby wybrać więcej niż jedną kategorię.
		</tip>
	
	
		<!-- OAI-PMH harvesting type - - - - - - - - - - - - - - - - - - - - - -->
		
		<tip id="oai.url">
			URL musi wskazywać na serwer OAI-PMH
		</tip>
		
		<tip id="oai.addSearch">
			Dodaj jedno wyszukiwanie w zdalnym węźle. Jeśli nie dodasz żadnego wyszukiwania, wykonywane  
			jest nieograniczone wyszukiwanie z użyciem formatu metadanych 'oai_dc'
		</tip>
		
		<tip id="oai.groups">
			Możesz wybrać przywileje dla zbieranych metadanych.
		</tip>
		
		<tip id="oai.addGroups">
			Wybierz jedną lub więcej grup (używając klawisza <b>&lt;CTRL&gt;</b>) i naciśnij ten klawisz.
		</tip>
		
		<tip id="oai.categories">
			Możesz przypisać jedną lub więcej kategorii do zbieranych metadanych.
			Użyj klawisza <b>&lt;CTRL&gt;</b> aby wybrać więcej niż jedną kategorię.
		</tip>
	
		<tip id="oai.validate">
			Zbiera tylko takie metadane, które walidują się względem swoich schematów.
		</tip>
		
		<!-- OAI-PMH harvesting type : dynamic search part -->
		
		<tip id="oai.remove">
			Usuń te kryteria wyszukiwania
		</tip>
		
		<tip id="oai.from">
			Opcjonalna data, od której rozpocznie się zbieranie.
		</tip>
		
		<tip id="oai.from.set">
			Otwórz okno, aby określić datę OD
		</tip>
		
		<tip id="oai.from.clear">
			Wyczyść parametr OD
		</tip>
		
		<tip id="oai.until">
			Opcjonalna data, do której zakończy się zbieranie.
		</tip>
		
		<tip id="oai.until.set">
			Otwórz okno, aby określić datę DO
		</tip>
		
		<tip id="oai.until.clear">
			Wyczyść parametr DO
		</tip>
	
		<tip id="oai.set">
			Możesz zawęzić zbieranie do określonych zbiorów metadanych, które są dostępne zdalnie.
		</tip>
		
		<tip id="oai.prefix">
			Wybierz format metadanych, w którym chcesz zbierać metadane.
		</tip>
	</tips>
</strings>

