<?xml version="1.0" encoding="utf-8"?>
<help>
	<title>Strona pomocy</title>
	<content>
		<h3>Pomoc</h3>
		<p>Odpowiedzi na często zadawane pytania (FAQ's), podręczniki i inne informacje dotyczące użycia GeoNetwork opensource, 

			można znaleźć w sekcji <strong>Dokumentacji</strong> na stronie internetowej <strong><a href="http://geonetwork-opensource.org" target="_blank">The GeoNetwork opensource</a></strong></p>
		<h3>Zawartość tej strony</h3>


		<p>
			<a href="#1">Szukanie danych przestrzennych</a><br/>
			<a href="#2">Dane przestrzenne i aplikacje z nimi związane</a><br/>
			<a href="#3">Pobieranie danych przestrzennych</a>
			<p/>
			<a name="1"/><h3>Szukanie danych przestrzennych</h3>
			System wyszukiwania w GeoNetwork umożliwia szukanie w następujących polach

			<ul>
				<li>Tytuł</li>
				<li>Streszczenie</li>
				<li>Słowa kluczowe</li>
				<li>Lokalizacja</li>
				<li>Dowolny tekst (jakiekolwiek pole metadanych)</li>

				</ul>
			W każdym polu użytkownik może użyć następujących wyrażeń:

			<ul>
				<li>tekst: szukanie metadanych, które zawierają słowo "tekst" w danym polu</li>
				<li>tekst1 tekst2: jest równe poszukiwaniu łańcucha znaków: tekst1 and tekst2</li>
				<li>"tekst1 tekst2": szukanie metadanych, które zawierają łańcuch znaków "tekst1 tekst2" w danym polu</li>
				<li>tekst1 and tekst2: szukanie metadanych, które zawierają oba słowa "tekst1" i "tekst2" w danym polu</li>
				<li>tekst1 or tekst2: szukanie metadanych, które zawierają słowo "tekst1" lub słowo "tekst2" w danym polu</li>
				<li>tekst1 not tekst2: szukanie metadanych, które zawierają słowo "tekst1" ale nie zawierają słowa "tekst2" w danym polu</li>






			</ul>
			W słowach kluczowych i operatorach (and, or, not) nie są rozróżniane duże/małe litery.

			<p/>
			Na przykład, w polu tytułu:

			<p/>
			mapa topograficzna: szukane są wszystkie metadane, które zawierają słowa "mapa" i "topograficzna" w tytule;<br/>
			"mapa topograficzna": szukane są wszystkie metadane, które zawierają tekst "mapa topograficzna" w tytule;<br/>
			"baza danych" not topograficznych: szukane są wszystkie metadane, które zawierają tekst "baza danych" ale nie słowa "topograficznych" w tytule.



			<p/>
			W szukaniu zdalnym użytkownik może wybrać z listy różne serwery ; alternatywnie użytkownik może wybrać profil serwerów co spowoduje automatyczny wybór wszystkich serwerów zdefiniowanych w profilu. Na przykład, profil GeoNetwork wybiera wszystkie serwery GeoNetwork, które dostarczają możliwości zdalnego wyszukiwania.<br/>
			Ponieważ zdalne transakcje Z39.50 mogą być bardzo wolne, użytkownik może zdefiniować czas maksymalny tych operacji (10, 20 i 30 sekund).


			<p/>
			<a name="2"/><h3>Dane przestrzenne i aplikacje z nimi związane</h3>
			<p/>
			Dane przestrzenne, które można znaleźć za pomocą GeoNetwork są często używane jako dane podstawowe w zaawansowanych aplikacjach internetowych. Aplikacje te zajmują się specyficznymi problemami związanymi z rolnictwem, zwierzętami hodowlanymi, lasami, rybołówstwem i problemami związanymi z zapewnieniem dla ludzi wystarczającej ilości żywności.<br/>
			Odnośniki do tych aplikacji są udostępnione użytkownikom.<br/>
			Aplikacje pozwalają na rozpoznanie danych przestrzennych.<br/>
			Aplikacje mogą również w niektórych przypadkach być wprost przeglądane poprzez dynamiczny interfejs GeoNetwork.



			<p/>
			<a name="3"/><h3>Pobieranie danych przestrzennych</h3>
 			Dane przestrzenne są często dostępne do pobrania. Dane są dostarczane w formatach kompatybilnych z większością profesjonalnych aplikacji GIS i z różnorodnymi narzędziami GIS wolnego użytkowania (freeware).<br/>
			Dane do pobrania posiadają link uruchamiający pobieranie. Użytkownik musi zaakceptować warunki pobrania danych i zastrzeżenia ich użycia. Proszony jest o podanie danych personalnych jak również o dostarczanie informacji zwrotnej dotyczącej użycia danych.<br/>
			Dla wielu zbiorów danych jest możliwe pobranie tylko obszaru wybranego przez użytkownika.



		</p>
	</content>
</help>
