<?xml version="1.0" encoding="UTF-8"?>
<languages>
	<language>
		<id>1</id>
		<ISO639_1>aa</ISO639_1>
		<name>Afar</name>
	</language>
	<language>
		<id>2</id>
		<ISO639_1>ab</ISO639_1>
		<name>Abchaski</name>
	</language>
	<language>
		<id>3</id>
		<ISO639_1>ae</ISO639_1>
		<name>Awestyjski</name>
	</language>
	<language>
		<id>4</id>
		<ISO639_1>af</ISO639_1>
		<name>Afrykanerski</name>
	</language>
	<language>
		<id>5</id>
		<ISO639_1>am</ISO639_1>
		<name>Amharski</name>
	</language>
	<language>
		<id>6</id>
		<ISO639_1>ar</ISO639_1>
		<name>Arabski</name>
	</language>
	<language>
		<id>7</id>
		<ISO639_1>as</ISO639_1>
		<name>Assamski</name>
	</language>
	<language>
		<id>8</id>
		<ISO639_1>ay</ISO639_1>
		<name>Ajmara</name>
	</language>
	<language>
		<id>9</id>
		<ISO639_1>az</ISO639_1>
		<name>Azerski</name>
	</language>
	<language>
		<id>10</id>
		<ISO639_1>ba</ISO639_1>
		<name>Baszkirski</name>
	</language>
	<language>
		<id>11</id>
		<ISO639_1>be</ISO639_1>
		<name>Białoruski</name>
	</language>
	<language>
		<id>12</id>
		<ISO639_1>bg</ISO639_1>
		<name>Bułgarski</name>
	</language>
	<language>
		<id>13</id>
		<ISO639_1>bh</ISO639_1>
		<name>Bihari</name>
	</language>
	<language>
		<id>14</id>
		<ISO639_1>bi</ISO639_1>
		<name>Bislama</name>
	</language>
	<language>
		<id>15</id>
		<ISO639_1>bn</ISO639_1>
		<name>Bengalski</name>
	</language>
	<language>
		<id>16</id>
		<ISO639_1>bo</ISO639_1>
		<name>Tybetański</name>
	</language>
	<language>
		<id>17</id>
		<ISO639_1>br</ISO639_1>
		<name>Bretoński</name>
	</language>
	<language>
		<id>18</id>
		<ISO639_1>bs</ISO639_1>
		<name>Bośniacki</name>
	</language>
	<language>
		<id>19</id>
		<ISO639_1>ca</ISO639_1>
		<name>Kataloński</name>
	</language>
	<language>
		<id>20</id>
		<ISO639_1>ce</ISO639_1>
		<name>Czeczeński</name>
	</language>
	<language>
		<id>21</id>
		<ISO639_1>ch</ISO639_1>
		<name>Chamorro</name>
	</language>
	<language>
		<id>22</id>
		<ISO639_1>co</ISO639_1>
		<name>Korsykański</name>
	</language>
	<language>
		<id>23</id>
		<ISO639_1>cs</ISO639_1>
		<name>Czeski</name>
	</language>
	<language>
		<id>24</id>
		<ISO639_1>cu</ISO639_1>
		<name>Staro-cerkiewno-słowiański</name>
	</language>
	<language>
		<id>25</id>
		<ISO639_1>cv</ISO639_1>
		<name>Czuwaski</name>
	</language>
	<language>
		<id>26</id>
		<ISO639_1>cy</ISO639_1>
		<name>Walijski</name>
	</language>
	<language>
		<id>27</id>
		<ISO639_1>da</ISO639_1>
		<name>Duński</name>
	</language>
	<language>
		<id>28</id>
		<ISO639_1>de</ISO639_1>
		<name>Niemiecki</name>
	</language>
	<language>
		<id>29</id>
		<ISO639_1>dz</ISO639_1>
		<name>Dzongka</name>
	</language>
	<language>
		<id>30</id>
		<ISO639_1>el</ISO639_1>
		<name>Grecki</name>
	</language>
	<language>
		<id>31</id>
		<ISO639_1>en</ISO639_1>
		<name>Angielski</name>
	</language>
	<language>
		<id>32</id>
		<ISO639_1>eo</ISO639_1>
		<name>Esperanto</name>
	</language>
	<language>
		<id>33</id>
		<ISO639_1>es</ISO639_1>
		<name>Hiszpański</name>
	</language>
	<language>
		<id>34</id>
		<ISO639_1>et</ISO639_1>
		<name>Estoński</name>
	</language>
	<language>
		<id>35</id>
		<ISO639_1>eu</ISO639_1>
		<name>Baskijski</name>
	</language>
	<language>
		<id>36</id>
		<ISO639_1>fa</ISO639_1>
		<name>Perski</name>
	</language>
	<language>
		<id>37</id>
		<ISO639_1>fi</ISO639_1>
		<name>Fiński</name>
	</language>
	<language>
		<id>38</id>
		<ISO639_1>fj</ISO639_1>
		<name>Fidżyjski</name>
	</language>
	<language>
		<id>39</id>
		<ISO639_1>fo</ISO639_1>
		<name>Farerski</name>
	</language>
	<language>
		<id>40</id>
		<ISO639_1>fr</ISO639_1>
		<name>Francuski</name>
	</language>
	<language>
		<id>41</id>
		<ISO639_1>fy</ISO639_1>
		<name>Fryzyjski</name>
	</language>
	<language>
		<id>42</id>
		<ISO639_1>ga</ISO639_1>
		<name>Irlandzki</name>
	</language>
	<language>
		<id>43</id>
		<ISO639_1>gd</ISO639_1>
		<name>Szkocki</name>
	</language>
	<language>
		<id>44</id>
		<ISO639_1>gl</ISO639_1>
		<name>Galicyjski</name>
	</language>
	<language>
		<id>45</id>
		<ISO639_1>gn</ISO639_1>
		<name>Guarani</name>
	</language>
	<language>
		<id>46</id>
		<ISO639_1>gu</ISO639_1>
		<name>Gudźarati</name>
	</language>
	<language>
		<id>47</id>
		<ISO639_1>gv</ISO639_1>
		<name>Manx</name>
	</language>
	<language>
		<id>48</id>
		<ISO639_1>ha</ISO639_1>
		<name>Hausa</name>
	</language>
	<language>
		<id>49</id>
		<ISO639_1>he</ISO639_1>
		<name>Hebrajski</name>
	</language>
	<language>
		<id>50</id>
		<ISO639_1>hi</ISO639_1>
		<name>Hindi</name>
	</language>
	<language>
		<id>51</id>
		<ISO639_1>ho</ISO639_1>
		<name>Hiri Motu</name>
	</language>
	<language>
		<id>52</id>
		<ISO639_1>hr</ISO639_1>
		<name>Chorwacki</name>
	</language>
	<language>
		<id>53</id>
		<ISO639_1>hu</ISO639_1>
		<name>Węgierski</name>
	</language>
	<language>
		<id>54</id>
		<ISO639_1>hy</ISO639_1>
		<name>Ormiański</name>
	</language>
	<language>
		<id>55</id>
		<ISO639_1>hz</ISO639_1>
		<name>Herero</name>
	</language>
	<language>
		<id>56</id>
		<ISO639_1>ia</ISO639_1>
		<name>Interlingua</name>
	</language>
	<language>
		<id>57</id>
		<ISO639_1>id</ISO639_1>
		<name>Indonezyjski</name>
	</language>
	<language>
		<id>58</id>
		<ISO639_1>ie</ISO639_1>
		<name>Interlingue</name>
	</language>
	<language>
		<id>59</id>
		<ISO639_1>ik</ISO639_1>
		<name>Inupiak</name>
	</language>
	<language>
		<id>60</id>
		<ISO639_1>is</ISO639_1>
		<name>Islandzki</name>
	</language>
	<language>
		<id>61</id>
		<ISO639_1>it</ISO639_1>
		<name>Włoski</name>
	</language>
	<language>
		<id>62</id>
		<ISO639_1>iu</ISO639_1>
		<name>Inuktitut</name>
	</language>
	<language>
		<id>63</id>
		<ISO639_1>ja</ISO639_1>
		<name>Japoński</name>
	</language>
	<language>
		<id>64</id>
		<ISO639_1>jv</ISO639_1>
		<name>Jawajski</name>
	</language>
	<language>
		<id>65</id>
		<ISO639_1>ka</ISO639_1>
		<name>Gruziński</name>
	</language>
	<language>
		<id>66</id>
		<ISO639_1>ki</ISO639_1>
		<name>Kikuyu</name>
	</language>
	<language>
		<id>67</id>
		<ISO639_1>kj</ISO639_1>
		<name>Kuanyama</name>
	</language>
	<language>
		<id>68</id>
		<ISO639_1>kk</ISO639_1>
		<name>Kazachski</name>
	</language>
	<language>
		<id>69</id>
		<ISO639_1>kl</ISO639_1>
		<name>Grenlandzki</name>
	</language>
	<language>
		<id>70</id>
		<ISO639_1>km</ISO639_1>
		<name>Khmerski</name>
	</language>
	<language>
		<id>71</id>
		<ISO639_1>kn</ISO639_1>
		<name>Kannada</name>
	</language>
	<language>
		<id>72</id>
		<ISO639_1>ko</ISO639_1>
		<name>Koreański</name>
	</language>
	<language>
		<id>73</id>
		<ISO639_1>ks</ISO639_1>
		<name>Kaszmirski</name>
	</language>
	<language>
		<id>74</id>
		<ISO639_1>ku</ISO639_1>
		<name>Kurdyjski</name>
	</language>
	<language>
		<id>75</id>
		<ISO639_1>kv</ISO639_1>
		<name>Komi</name>
	</language>
	<language>
		<id>76</id>
		<ISO639_1>kw</ISO639_1>
		<name>Kornijski</name>
	</language>
	<language>
		<id>77</id>
		<ISO639_1>ky</ISO639_1>
		<name>Kirgiski</name>
	</language>
	<language>
		<id>78</id>
		<ISO639_1>la</ISO639_1>
		<name>Łaciński</name>
	</language>
	<language>
		<id>79</id>
		<ISO639_1>lb</ISO639_1>
		<name>Luksemburski</name>
	</language>
	<language>
		<id>80</id>
		<ISO639_1>ln</ISO639_1>
		<name>Lingala</name>
	</language>
	<language>
		<id>81</id>
		<ISO639_1>lo</ISO639_1>
		<name>Laotański</name>
	</language>
	<language>
		<id>82</id>
		<ISO639_1>lt</ISO639_1>
		<name>Litewski</name>
	</language>
	<language>
		<id>83</id>
		<ISO639_1>lv</ISO639_1>
		<name>Łotewski</name>
	</language>
	<language>
		<id>84</id>
		<ISO639_1>mg</ISO639_1>
		<name>Malgaski</name>
	</language>
	<language>
		<id>85</id>
		<ISO639_1>mh</ISO639_1>
		<name>Marshall</name>
	</language>
	<language>
		<id>86</id>
		<ISO639_1>mi</ISO639_1>
		<name>Maoryski</name>
	</language>
	<language>
		<id>87</id>
		<ISO639_1>mk</ISO639_1>
		<name>Macedoński</name>
	</language>
	<language>
		<id>88</id>
		<ISO639_1>ml</ISO639_1>
		<name>Malajalam</name>
	</language>
	<language>
		<id>89</id>
		<ISO639_1>mn</ISO639_1>
		<name>Mongolski</name>
	</language>
	<language>
		<id>90</id>
		<ISO639_1>mo</ISO639_1>
		<name>Mołdawski</name>
	</language>
	<language>
		<id>91</id>
		<ISO639_1>mr</ISO639_1>
		<name>Marathi</name>
	</language>
	<language>
		<id>92</id>
		<ISO639_1>ms</ISO639_1>
		<name>Malajski</name>
	</language>
	<language>
		<id>93</id>
		<ISO639_1>mt</ISO639_1>
		<name>Maltański</name>
	</language>
	<language>
		<id>94</id>
		<ISO639_1>my</ISO639_1>
		<name>Birmański</name>
	</language>
	<language>
		<id>95</id>
		<ISO639_1>na</ISO639_1>
		<name>Nauru</name>
	</language>
	<language>
		<id>96</id>
		<ISO639_1>nb</ISO639_1>
		<name>Norweski tradycyjny</name>
	</language>
	<language>
		<id>97</id>
		<ISO639_1>nd</ISO639_1>
		<name>Północny Ndebele</name>
	</language>
	<language>
		<id>98</id>
		<ISO639_1>ne</ISO639_1>
		<name>Nepalski</name>
	</language>
	<language>
		<id>99</id>
		<ISO639_1>ng</ISO639_1>
		<name>Ndonga</name>
	</language>
	<language>
		<id>100</id>
		<ISO639_1>nl</ISO639_1>
		<name>Holenderski</name>
	</language>
	<language>
		<id>101</id>
		<ISO639_1>nn</ISO639_1>
		<name>Neonorweski</name>
	</language>
	<language>
		<id>102</id>
		<ISO639_1>no</ISO639_1>
		<name>Norweski</name>
	</language>
	<language>
		<id>103</id>
		<ISO639_1>nr</ISO639_1>
		<name>Południowy Ndebele</name>
	</language>
	<language>
		<id>104</id>
		<ISO639_1>nv</ISO639_1>
		<name>Navajo</name>
	</language>
	<language>
		<id>105</id>
		<ISO639_1>ny</ISO639_1>
		<name>Chichewa</name>
	</language>
	<language>
		<id>106</id>
		<ISO639_1>oc</ISO639_1>
		<name>Prowansalski</name>
	</language>
	<language>
		<id>107</id>
		<ISO639_1>om</ISO639_1>
		<name>Oromo</name>
	</language>
	<language>
		<id>108</id>
		<ISO639_1>or</ISO639_1>
		<name>Oriya</name>
	</language>
	<language>
		<id>109</id>
		<ISO639_1>os</ISO639_1>
		<name>Ossetian</name>
	</language>
	<language>
		<id>110</id>
		<ISO639_1>pa</ISO639_1>
		<name>Pendżabski</name>
	</language>
	<language>
		<id>111</id>
		<ISO639_1>pi</ISO639_1>
		<name>Pali</name>
	</language>
	<language>
		<id>112</id>
		<ISO639_1>pl</ISO639_1>
		<name>Polski</name>
	</language>
	<language>
		<id>113</id>
		<ISO639_1>ps</ISO639_1>
		<name>Paszto</name>
	</language>
	<language>
		<id>114</id>
		<ISO639_1>pt</ISO639_1>
		<name>Portugalski</name>
	</language>
	<language>
		<id>115</id>
		<ISO639_1>qu</ISO639_1>
		<name>Keczua</name>
	</language>
	<language>
		<id>116</id>
		<ISO639_1>rm</ISO639_1>
		<name>Retoromański</name>
	</language>
	<language>
		<id>117</id>
		<ISO639_1>rn</ISO639_1>
		<name>Rundi</name>
	</language>
	<language>
		<id>118</id>
		<ISO639_1>ro</ISO639_1>
		<name>Rumuński</name>
	</language>
	<language>
		<id>119</id>
		<ISO639_1>ru</ISO639_1>
		<name>Rosyjski</name>
	</language>
	<language>
		<id>120</id>
		<ISO639_1>rw</ISO639_1>
		<name>Kinyarwanda</name>
	</language>
	<language>
		<id>121</id>
		<ISO639_1>sa</ISO639_1>
		<name>Sanskryt</name>
	</language>
	<language>
		<id>122</id>
		<ISO639_1>sc</ISO639_1>
		<name>Sardinian</name>
	</language>
	<language>
		<id>123</id>
		<ISO639_1>sd</ISO639_1>
		<name>Sindhi</name>
	</language>
	<language>
		<id>124</id>
		<ISO639_1>se</ISO639_1>
		<name>Północny Sami</name>
	</language>
	<language>
		<id>125</id>
		<ISO639_1>sg</ISO639_1>
		<name>Sango</name>
	</language>
	<language>
		<id>126</id>
		<ISO639_1>si</ISO639_1>
		<name>Syngaleski</name>
	</language>
	<language>
		<id>127</id>
		<ISO639_1>sk</ISO639_1>
		<name>Słowacki</name>
	</language>
	<language>
		<id>128</id>
		<ISO639_1>sl</ISO639_1>
		<name>Słoweński</name>
	</language>
	<language>
		<id>129</id>
		<ISO639_1>sm</ISO639_1>
		<name>Samoański</name>
	</language>
	<language>
		<id>130</id>
		<ISO639_1>sn</ISO639_1>
		<name>Shona</name>
	</language>
	<language>
		<id>131</id>
		<ISO639_1>so</ISO639_1>
		<name>Somalijski</name>
	</language>
	<language>
		<id>132</id>
		<ISO639_1>sq</ISO639_1>
		<name>Albański</name>
	</language>
	<language>
		<id>133</id>
		<ISO639_1>sr</ISO639_1>
		<name>Serbski</name>
	</language>
	<language>
		<id>134</id>
		<ISO639_1>ss</ISO639_1>
		<name>Siswati</name>
	</language>
	<language>
		<id>135</id>
		<ISO639_1>st</ISO639_1>
		<name>Południowy Sotho</name>
	</language>
	<language>
		<id>136</id>
		<ISO639_1>su</ISO639_1>
		<name>Sudański</name>
	</language>
	<language>
		<id>137</id>
		<ISO639_1>sv</ISO639_1>
		<name>Szwedzki</name>
	</language>
	<language>
		<id>138</id>
		<ISO639_1>sw</ISO639_1>
		<name>Suahili</name>
	</language>
	<language>
		<id>139</id>
		<ISO639_1>ta</ISO639_1>
		<name>Tamilski</name>
	</language>
	<language>
		<id>140</id>
		<ISO639_1>te</ISO639_1>
		<name>Telugu</name>
	</language>
	<language>
		<id>141</id>
		<ISO639_1>tg</ISO639_1>
		<name>Tadżycki</name>
	</language>
	<language>
		<id>142</id>
		<ISO639_1>th</ISO639_1>
		<name>Tajski</name>
	</language>
	<language>
		<id>143</id>
		<ISO639_1>ti</ISO639_1>
		<name>Tigrinia</name>
	</language>
	<language>
		<id>144</id>
		<ISO639_1>tk</ISO639_1>
		<name>Turkmeński</name>
	</language>
	<language>
		<id>145</id>
		<ISO639_1>tl</ISO639_1>
		<name>Tagalog</name>
	</language>
	<language>
		<id>146</id>
		<ISO639_1>tn</ISO639_1>
		<name>Setswana</name>
	</language>
	<language>
		<id>147</id>
		<ISO639_1>to</ISO639_1>
		<name>Tonga</name>
	</language>
	<language>
		<id>148</id>
		<ISO639_1>tr</ISO639_1>
		<name>Turecki</name>
	</language>
	<language>
		<id>149</id>
		<ISO639_1>ts</ISO639_1>
		<name>Tsonga</name>
	</language>
	<language>
		<id>150</id>
		<ISO639_1>tt</ISO639_1>
		<name>Tatarski</name>
	</language>
	<language>
		<id>151</id>
		<ISO639_1>tw</ISO639_1>
		<name>Twi</name>
	</language>
	<language>
		<id>152</id>
		<ISO639_1>ty</ISO639_1>
		<name>Tahiti</name>
	</language>
	<language>
		<id>153</id>
		<ISO639_1>ug</ISO639_1>
		<name>Ujgurski</name>
	</language>
	<language>
		<id>154</id>
		<ISO639_1>uk</ISO639_1>
		<name>Ukraiński</name>
	</language>
	<language>
		<id>155</id>
		<ISO639_1>ur</ISO639_1>
		<name>Urdu</name>
	</language>
	<language>
		<id>156</id>
		<ISO639_1>uz</ISO639_1>
		<name>Uzbecki</name>
	</language>
	<language>
		<id>157</id>
		<ISO639_1>vi</ISO639_1>
		<name>Wietnamski</name>
	</language>
	<language>
		<id>158</id>
		<ISO639_1>vo</ISO639_1>
		<name>Wolapik</name>
	</language>
	<language>
		<id>159</id>
		<ISO639_1>wo</ISO639_1>
		<name>Wolof</name>
	</language>
	<language>
		<id>160</id>
		<ISO639_1>xh</ISO639_1>
		<name>Xhosa</name>
	</language>
	<language>
		<id>161</id>
		<ISO639_1>yi</ISO639_1>
		<name>Jidysz</name>
	</language>
	<language>
		<id>162</id>
		<ISO639_1>yo</ISO639_1>
		<name>Joruba</name>
	</language>
	<language>
		<id>163</id>
		<ISO639_1>za</ISO639_1>
		<name>Zhuang</name>
	</language>
	<language>
		<id>164</id>
		<ISO639_1>zh</ISO639_1>
		<name>Chiński</name>
	</language>
	<language>
		<id>165</id>
		<ISO639_1>zu</ISO639_1>
		<name>Zulu</name>
	</language>
</languages>
