<?xml version="1.0" encoding="UTF-8"?>
<links>
	<title>Strona linków</title>
	<content>
		<h3>Strona internetowa GeoNetwork opensource</h3>
		<a target="_blank" href="http://geonetwork-opensource.org">Strona internetowa GeoNetwork opensource zawiera dokumentację, podręczniki, przykłady itd..</a><br/>
		<h3>GeoNetwork na stronach internetowych FAO-UN i WFP-UN</h3>
		<a target="_blank" href="http://www.fao.org/geonetwork">GeoNetwork na stronie internetowej FAO - Organizacji do spraw Wyżywienia i Rolnictwa Narodów Zjednoczonych</a><br/>
		<a target="_blank" href="http://vam.wfp.org/vamsie">GeoNetwork na stronie internetowej VAM - analizy ryzyka występowania głodu ze Światowego Programu Żywnościowego (WFP)</a><br/>
		<h3>Standardy a Infrastruktura Danych Przestrzennych</h3>

		<a target="_blank" href="http://www.gsdi.org/">Globalna Infrastruktura Danych Przestrzennych (GSDI)</a><br/>
		<a target="_blank" href="http://www.opengeospatial.org/">Open Geospatial Consortium (OGC)</a><br/>
		<a target="_blank" href="http://www.isotc211.org/">ISO - TC211</a> Informacja Geograficzna/Geomatyka<br/>

		<h3>Standardy metadanych</h3>
		<p>
			<a target="_blank" href="http://dublincore.org/">Standard Dublin Core</a>
			<a target="_blank" href="http://www.fgdc.gov/metadata/geospatial-metadata-standards">Standard FGDC</a>
			<a target="_blank" href="http://www.iso.org/iso/catalogue_detail.htm?csnumber=26020">Standard ISO19115</a>
			<a target="_blank" href="http://www.iso.org/iso/catalogue_detail.htm?csnumber=32557">Standard ISO19139</a>
			<a target="_blank" href="http://schemas.opengis.net/iso/19139/20070417/">Schemat aplikacyjny ISO19139</a>
		</p>

		<h3>Inicjatywy tworzenia map</h3>

		<a target="_blank" href="http://www.digitalearth-isde.org/">Digital Earth</a><br/>
		<a target="_blank" href="http://www.iscgm.org/">Global Mapping</a><br/>
		<p/>
		<h3>Inne zasoby informacji</h3>

		<a target="_blank" href="http://www.ungiwg.org/">UNGIWG</a> Grupa Robocza ds Informacji Geograficznej Narodów Zjednoczonych<br/>
		<a target="_blank" href="http://www.fgdc.gov/">FGDC</a> Federalny Komitet Danych Geograficznych Stanów Zjednoczonych<br/> 
		<p/>
		<h3>Źródła zewnętrzne danych przestrzennych</h3>

		<a target="_blank" href="http://earlywarning.usgs.gov/index.php">EWEM - Program wczesnego ostrzegania i monitoringu środowiska</a><br/>
		<a target="_blank" href="http://www.ngdc.noaa.gov/">NGDC - Narodowe Centrum Danych Geofizycznych</a><br/>
		<a target="_blank" href="http://egsc.usgs.gov/nimamaps/">NIMA - Narodowa Agencja Obrazowania i Kartografii Stanów Zjednoczonych</a><br/>
		<a target="_blank" href="http://www.esri.com/data/find-data.html">Dane ESRI online</a>
	</content>
</links>
