﻿<?xml version="1.0" encoding="UTF-8"?>
<strings>
	<ar>عربي</ar> <!-- Do not translate! -->
	<cn>中文</cn> <!-- Do not translate! -->
	<de>Deutsch</de> <!-- Do not translate! -->
	<en>English</en> <!-- Do not translate! -->
	<es>Español</es> <!-- Do not translate! -->
	<fr>Français</fr> <!-- Do not translate! -->
	<nl>Nederlands</nl> <!-- Do not translate -->
	<pl>Polski</pl> <!-- Do not translate! -->
	<ru>Русский</ru> <!-- Do not translate! -->
	<pt>Рortuguês</pt> <!-- Do not translate! -->
	<ca>Català</ca> <!-- Do not translate! -->  
	<tr>Türkçe</tr> <!-- Do not translate! -->
	
	<useStopwords>Indeks Lucene używa słów pomijanych dla następujących języków:</useStopwords>
	<rebuildIndexMessage>Jeśli zmienisz te wartości, zalecana jest przebudowa indeksu Lucene.</rebuildIndexMessage>
	<!-- new strings - SP 2.5 -->
	<showRemoteHTML>Pokaż HTML ze zdalnego serwera</showRemoteHTML>
	<!-- end new strings -->

	<createChild>Utwórz dziecko</createChild>
	<updateChildren>Zaaktualizuj dzieci</updateChildren>
	<updateChildrenOk>Dzieci zaktualizowane</updateChildrenOk>
	<updateChildrenFailed>Aktualizacja dzieci zakończona niepowodzeniem</updateChildrenFailed>
	<massiveUpdateChildrenTitle>Aktualizacja dzieci</massiveUpdateChildrenTitle>
	<updateMode>Wybierz strategię stosowaną dla aktualizacji dzieci od rodziców : </updateMode>

	<addMode>Dodaj sekcje</addMode>
	<replaceMode>Zamień sekcje</replaceMode>
	<updateChildrenHelp>
		<div>
			<h2>Więcej szczegółów</h2>
			Zaaktualizuj wszystkie dzieci związane z aktualnym rekordem metadanych. Wybierz
			strategię stosowaną dla każdej głównej sekcji.
			<br/>
			<br/>
			<b>Dodaj</b> zachowa sekcje dzieci i doda odpowiednią sekcje rodzica.
			
			<b>Zamień</b> usunie sekcje dzieci przez odpowiednie sekcje rodzica.
			<br/>
			<br/>
			Identyfikator dzieci, zbiór znaków, język, identyfikator rodzica,
			poziom hierarchii, adres URI zbioru i sekcja identyfikacji (z wykluczeniem
			zasięgu i słów kluczowych) są zawsze zachowywane.
			Lokalizacja rodziców jest zawsze zamieniana.
			<br/>
			<b>Sekcje dystrybucja i utrzymanie</b> są zawsze zamieniane (nawet
			w trybie dodawania) ponieważ
			ISO19115 nie zezwala na posiadanie więcej niż jednej sekcji.
		</div>
	</updateChildrenHelp>
	<otherActions>Inne akcje</otherActions>
	<computeExtentFromKeywords>Oblicz zasięg (dodaj)</computeExtentFromKeywords>
	<computeExtentFromKeywordsReplace>Oblicz zasięg (zamień)</computeExtentFromKeywordsReplace>
	<computeExtentFromKeywordsHelp>Akcja obliczania zasięgu analizuje sekcję słów kluczowych metadanych
	i wyszukuje podobne pojęcia mające zasięg we wszystkich dostępnych słownikach.
	Jeden zasięg jest dodawany dla każdego pasującego słowa kluczowego. W trybie dodawania, istniejący zasięg jest 
	zachowany. W trybie zamiany, istniejący zasięg w postaci prostokąta ograniczającego jest usuwany (zasięg czasowy, pionowy 
	i wielobok ograniczający są zachowane). Zapisz rekord metadanych przed uruchomieniem akcji.</computeExtentFromKeywordsHelp>
	<shortcutHelp js="true">Pomoc dot. skrótów ?</shortcutHelp>
	<helpShortcutsEditor>
		<h2>Skróty w trybie edycji:</h2>
		<hr/>
		<ul>
			<li>ctrl+shift+s: Zapisz zmiany</li>
			<li>ctrl+shift+v: Waliduj dokument</li>
			<li>ctrl+shift+q: Zapisz i zamknij edytowane metadane</li>
			<li>ctrl+shift+t: Przypisz podgląd graficzny do bieżących metadanych</li>
			<li>ctrl+shift+r: Resetuj zmiany</li>
			<li>ctrl+shift+c: Anuluj zmiany</li>
		</ul>
	</helpShortcutsEditor>
	<validationReport js="true">Raport walidacji</validationReport>
	<errorsOnly>Wyświetl tylko błędy</errorsOnly>
	<schematronReport>Zgodność z rekomendacjami metadanych (Schematronem)</schematronReport>
	<xsdReport>Zgodność ze standardem metadanych (Schematem XML)</xsdReport>
	<rules name="schematron-rules-inspire">Reguły implementacji INSPIRE</rules>
	<rules name="schematron-rules-iso">Reguły ISO 19115/19119</rules>
	<rules name="schematron-rules-geonetwork">Rekomendacje GeoNetwork</rules>
	<getCapabilitiesLayer js="true">Warstwa GetCapabilities</getCapabilitiesLayer>
	<ServiceUpdateError js="true">Błąd podczas aktualizacji metadanych</ServiceUpdateError>
	<NotOwnerError js="true">Nie masz uprawnień do aktualizacji powiązanego rekordu.</NotOwnerError>
	<NoServiceURLError js="true">Sprawdź czy wybrana usługa URL jest zdefiniowana.</NoServiceURLError>
	<GetCapabilitiesDocumentError js="true">Błąd ładowania dokumentu GetCapabilities ze strony URL: </GetCapabilitiesDocumentError>
	<noOperatesOn>Brak powiązanego zbioru danych</noOperatesOn>
	<linkedDataset>Powiązane zbiory danych:</linkedDataset>
	<linkedFeatureCatalogue>Powiązane katalogi obiektów:</linkedFeatureCatalogue>
	<linkedFeatureCatalogueHelp>Dodaj relację pomiędzy bieżącym rekordem metadanych
	oraz katalogiem obiektów w standardzie ISO19110.</linkedFeatureCatalogueHelp>
	<createLinkedFeatureCatalogue>Połącz katalog obiektów</createLinkedFeatureCatalogue>
	<layerNameHelp js="true">Łączenie metadanych dot. usług z jednym lub więcej  
	metadanych dot. zbiorów danych, połączony element zasobu może zawierać nazwę warstwy 
	jak zdefiniowano w usłudze OGC.
	Lista warstw usług może pomóc edytorowi metadanych w dodawaniu 
	istniejących wartości.</layerNameHelp>
	<layerName js="true">Nazwa warstwy</layerName>
	<createIfNotExistButton js="true">Utwórz nowy rekord metadanych</createIfNotExistButton>
	<associateService js="true">Połącz metadane opisujące usługi</associateService>
	<associateDataset js="true">Połącz metadane opisujące zbiory danych</associateDataset>
	<associateServiceHelp>Aby dodać relację do metadanych opisujących usługi, odszukaj usługę i zdefiniuj nazwę warstwy.</associateServiceHelp>
	<associateDatasetHelp>Aby dodać relację do zbioru danych, przejdź do widoku ISO &gt; Sekcja Identyfikacji, i zdefiniowanych operacji na elemencie.</associateDatasetHelp>
	<addParent>Dodaj lub zaktualizuj sekcję rodzica metadanych</addParent>
	<createAssoService>Utwórz relację</createAssoService>
	<updateMdd>Zaktualizuj metadane zbioru danych</updateMdd>
	<datasetCreate>Utwórz metadane zbioru danych</datasetCreate>
	<linkedServices>Powiązane metadane opisujące usługi:</linkedServices>
	<linkedServiceMetadataHelp>Aby dodać relację do usługi przejdź do widoku ISO &gt; Sekcja Dystrybucji.</linkedServiceMetadataHelp>
	<linkedParentMetadata>Metadane rodzica/dziecka:</linkedParentMetadata>
	<linkedParentMetadataHelp>Aby dodać relację do rodzica, przejdź do widoku ISO &gt; Sekcja Metadanych.</linkedParentMetadataHelp>
	<linkedChildrenMetadata> Metadane dzieci:</linkedChildrenMetadata>
	<linkedChildrenMetadataHelp>Lista dzieci połączonych z bieżącym rekordem metadanych.</linkedChildrenMetadataHelp>
	<linkedDatasetMetadata>Powiązane zbiory danych:</linkedDatasetMetadata>
	<serviceCreate>Utwórz nowe metadane opisujące usługę</serviceCreate>
	<parentSearch js="true">Szukaj rekordu metadanych, który będzie rodzicem bieżącego rekordu.</parentSearch>
	<linkedMetadataSelectionWindowTitle js="true">Wybór powiązanych metadanych</linkedMetadataSelectionWindowTitle>
	<searchText js="true">Szukanie tekstu</searchText>
	<mdTitle js="true">Tytuł metadanych</mdTitle>
	<createRelation js="true">Utwórz relację</createRelation>
	<export>Eksport (ZIP)</export>
	<exportText>Eksport (TXT)</exportText>	
	<addXMLFragment>Dodaj ze słownika ...</addXMLFragment>
	<translateWithGoogle>Użyj usługi tłumaczenia Google aby zaproponować tłumaczenie dla wybranego języka.</translateWithGoogle>
	<translateWithGoogle.maxSize js="true">Tekst do tłumaczenia zawiera więcej niż 5000 znaków (zobacz http://code.google.com/apis/ajaxlanguage/terms.html).</translateWithGoogle.maxSize>
	<translateWithGoogle.emptyInput js="true">Wartość głównego języka jest pusta. Dodaj wartość głównego języka przed użyciem usługi tłumaczenia.</translateWithGoogle.emptyInput>
	<layersAdded js="true">Wybrane warstwy zostały dodane</layersAdded>
	<registrationFailed js="true">Błąd rejestracji:</registrationFailed>	
	<tryAgain js="true">Spróbuj ponownie później</tryAgain>
	<cannotRetrieveGroup js="true">Nie może odnaleźć grup</cannotRetrieveGroup>
	<selectNewOwner js="true">Wybierz użytkownika, który będzie nowym właścicielem</selectNewOwner>
	<selectOwnerGroup js="true">Wybierz grupę, do której wybrany użytkownik przynależy</selectOwnerGroup>
	<selectOneFile js="true">Należy wybrać conajmniej jeden zbiór do pobrania!</selectOneFile>
	<checkEmail js="true">Proszę wypełnić poprawny adres email</checkEmail>
	<addName js="true">Proszę wypełnić nazwę lub organizację</addName>
	<noComment js="true">Bez komentarza</noComment>
	<rateMetadataFailed js="true">Nie można ocenić metadanych.</rateMetadataFailed>
	<error js="true">Błąd</error>
	<errors>błędy</errors>
	<northSouth js="true">Północ &lt; Południe</northSouth>
	<north90 js="true">Północ &gt; 90 stopni</north90>
	<south90 js="true">Południe &lt; -90 stopni</south90>
	<east180 js="true">Wschód &gt; 180 stopni</east180>
	<west180 js="true">Zachód &lt; -180 stopni</west180>
	<eastWest js="true">Wschód &lt; Zachód</eastWest>
	<metadataSelectionError js="true">Błąd wyboru metadanych.</metadataSelectionError>
	<closeWindow js="true">Zamknij okno</closeWindow>
	<loseYourChange js="true">Jeśli naciśniesz OK utracisz wszystkie zmiany dokonane w metadanych!</loseYourChange>
	<errorDeleteElement js="true">Błąd: Nie może usunąć elementu</errorDeleteElement>
	<errorFromDoc js="true">z dokumentu:</errorFromDoc>
	<errorMoveElement js="true">Błąd: Nie może przesunąć elementu </errorMoveElement>
	<errorAddElement js="true">Błąd: Nie może dodać elementu </errorAddElement>
	<errorSaveFailed js="true">Błąd: Nie może zapisać formularza</errorSaveFailed>
	<errorOnAction js="true">Błąd: Nie może wykonać akcji </errorOnAction>
	<errorChangeProtocol js="true">Plik został załadowany. Nie możesz zmienić protokołu dopóki nie usuniesz tego pliku</errorChangeProtocol>
	<selectOneFile js="true">Przeglądnij lub wprowadź nazwę pliku przed rozpoczęciem ładowania!</selectOneFile>
	<uploadFailed js="true">Błąd: Ładowanie zakończone niepowodzeniem!</uploadFailed>
	<uploadSetFileNameFailed js="true">Błąd: Ładowanie zakończone powodzeniem ale niemożliwe jest ustawienie nazwy zbioru!</uploadSetFileNameFailed>
	<cannotGetTooltip js="true">Nie może odczytać podpowiedzi z serwera</cannotGetTooltip>
	<maxResults js="true">Liczba wyników</maxResults>
	<perThesaurus js="true"> na słownik</perThesaurus>
	<anyThesaurus js="true">jakikolwiek słownik</anyThesaurus>
	<selectedKeywords js="true">Wybrane słowa kluczowe</selectedKeywords>
	<foundKeywords js="true">Dostepne słowa kluczowe</foundKeywords>
	<keywordSelectionWindowTitle js="true">Wybór słow kluczowych</keywordSelectionWindowTitle>
	<crsSelectionWindowTitle js="true">Wybór układu współrzędnych</crsSelectionWindowTitle>
	<selectedCRS js="true">Wybrane układy współrzędnych</selectedCRS>
	<foundCRS js="true">Dostępne układy współrzędnych</foundCRS>
	
	<about>O programie</about>
	<abstract>Streszczenie</abstract>
	<accept>Akceptuj</accept>
	<actionOnSelect>akcje przy selekcji</actionOnSelect>
	<add js="true">Dodaj</add>
	<addNewMetadata>Dodaj nowe metadane</addNewMetadata>
	<address>Adres</address>
	<admin>Administracja</admin>
	<Administrator>Administrator</Administrator>
	<agrovocKeyword>Słowa kluczowe ze Słownika Agrovoc</agrovocKeyword>
	<all>wszystkie</all>
	<any>- Wartość dowolna -</any>
	<anytime>Dowolny czas</anytime>
	<appSchInfoTab>Schemat aplikacji</appSchInfoTab>
	<assigned>Oznaczone</assigned>
	<attrlabl>Etykieta atrybutu</attrlabl>
	<availability>Dostępność</availability>
	<back>Wstecz</back>
	<backToDescription>Powrót do opisu danych</backToDescription>
	<backToEditor>Powrót do edycji metadanych</backToEditor>
	<backToPreviousPage>Powrót do poprzedniej strony</backToPreviousPage>
	<batchImport>Importuje metadane ze wszystkich plików XML lokalnego katalogu</batchImport>
	<batchImportTitle>Import wsadowy</batchImportTitle>
	<begdate>Data początkowa</begdate>
	<begtime>Data początkowa</begtime>
	<bgFileDescChoice value="large_thumbnail">Duży podgląd graficzny</bgFileDescChoice>
	<bgFileDescChoice value="thumbnail">Podgląd graficzny</bgFileDescChoice>
	<bookmarkDelicious>Zakładka na Delicious.com</bookmarkDelicious>
	<bookmarkDigg>Zakładka na Digg.com</bookmarkDigg>
	<bookmarkEmail>Wyślij emailem odnośnik do tego rekordu</bookmarkEmail>
	<bookmarkFacebook>Zakładka na Facebook.com</bookmarkFacebook>
	<bookmarkPermanent>Stały link do tego opisu</bookmarkPermanent>
	<bookmarkStumbleUpon>Zakładka na StumbleUpon.com</bookmarkStumbleUpon>
	<bounding>Współrzędne ograniczające</bounding>
	<boundingRelation value="encloses">zawiera się w</boundingRelation>
	<boundingRelation value="equal">jest równa</boundingRelation>
	<boundingRelation value="fullyOutsideOf">jest poza</boundingRelation>
	<boundingRelation value="overlaps">nachodzi na</boundingRelation>
	<browse>Podgląd grafiki</browse>
	<browsed>Podgląd opisu pliku graficznego</browsed>
	<browsen>Podgląd nazwy pliku graficznego</browsen>
	<browset>Podgląd typu pliku graficznego</browset>
	<byGroup>Przez Grupę</byGroup>
	<byPackage>Przez Pakiet</byPackage>
	<cancel>Anuluj</cancel>
	<categories>Kategorie</categories>
	<category>Kategoria</category>
	<categoryManagement>Zarządzanie kategoriami</categoryManagement>
	<categoryManDes>Dodaje/modyfikuje/usuwa/wyświetla kategorie</categoryManDes>
	<categoryNameMandatory>Nazwa kategorii musi być wypełniona.</categoryNameMandatory>
	<changeDate>Data zmiany metadanych</changeDate>
	<checkusername>Sprawdź</checkusername>
	<choose>-Wybierz-</choose>
	<chooseFile>Wybierz lokalizację pliku do załadowania</chooseFile>
	<chooseLargeThumbnail>Wybierz lokalizację pliku z dużym podglądem graficznym</chooseLargeThumbnail>
	<chooseThumbnail>Wybierz lokalizację pliku z małym podglądem graficznym</chooseThumbnail>
	<city>Miasto</city>
	<clear js="true">Wyczyść</clear>
	<clearAll>Wyczyść wszystkie</clearAll>
	<close js="true">Zamknij</close>
	<completeTab>Widok zaawansowany</completeTab>
	<completeTabEditor>Edytor zaawansowany</completeTabEditor>
	<confirmCancel>Jesteś pewny, że chcesz opuścić edytor? (Wszystkie niezapisane zmiany zostaną utracone)</confirmCancel>
	<confirmCancelCreate>Jesteś pewny, że chcesz opuścić tworzenie metadanych?</confirmCancelCreate>
	<confirmDelete>Jesteś pewny, że chcesz usunąć metadane z bazy?</confirmDelete>
	<confirmMassiveDelete>Jesteś pewny, że chcesz usunąć wszystkie $1 wybrane metadane z bazy?</confirmMassiveDelete>
	<confirmNewPassword>Potwierdź nowe hasło</confirmNewPassword>
	<confirmPassword>Potwierdź hasło</confirmPassword>
	<constraintsTab>Ograniczenia</constraintsTab>
	<contactUs>Kontakt</contactUs>
	<contains>Zawiera</contains>
	<contentInfoTab>Zawartość</contentInfoTab>
	<convert>Konwertuj</convert>	
	<copyright1>Prawa autorskie</copyright1>
	<copyright2><p>Wszystkie prawa zastrzeżone.<br/> Twoje ogólne określenie praw autorskich </p></copyright2>
	<country>Państwo</country>
	<create>Utwórz</create>
	<createTip>Utwórz nowe metadane z tego wzorca</createTip>
	<crs code="EPSG:4326">WGS84</crs>
	<crs code="EPSG:3786">Światowe Wiernoodległościowe Walcowe (Sfera)</crs>
	<cswTest>Test profilu CSW ISO</cswTest>
	<cswTestDesc>Test interfejsu dla interfejsu katalogu profilu CSW ISO</cswTestDesc>
	<dataQualityTab>Jakość danych</dataQualityTab>
	<datasetIssued>Zasięg Czasowy</datasetIssued>
	<datasetTab>Zbiór danych</datasetTab>
	<dateModified>Data Modyfikacji</dateModified>
	<dateRelChoice value="14">przed</dateRelChoice>
	<dateRelChoice value="15">przed lub w trakcie</dateRelChoice>
	<dateRelChoice value="16">w trakcie</dateRelChoice>
	<dateRelChoice value="17">w trakcie lub po</dateRelChoice>
	<dateRelChoice value="18">po</dateRelChoice>
	<dateRelChoice/>
	<decline>Odmowa</decline>
	<definition>Definicja</definition>
	<del>Usuń</del>
	<delete>Usuń</delete>
	<deleteCategory>Usunąć kategorię?</deleteCategory>
	<deleteConfirmationTitle>Potwierdzenie Usuwania Metadanych</deleteConfirmationTitle>	
	<deleteGroup>Usunąć grupę?</deleteGroup>
	<descriptionTab>Opis</descriptionTab>
	<desSchema>Schemat docelowy</desSchema>
	<digital>Cyfrowa</digital>
	<directory>Katalog</directory>
	<dirParameter>('katalog' jest parametrem obligatoryjnym</dirParameter>
	<disclaimer1>Tytuł zastrzeżenia</disclaimer1>
	<disclaimer2>Tekst zastrzeżenia</disclaimer2>
	<distributionTab>Dystrybucja</distributionTab>
	<down>Na dół</down>
	<download>Pobierz</download>
	<downloadable>Do pobrania</downloadable>
	<downloadData>Dane do pobrania</downloadData>
	<downloadEmail>Pobierz Email</downloadEmail>
	<downloadSelect>Pobrać?</downloadSelect>
	<downloadSelected>Wybrane Pobieranie</downloadSelected>
	<downloadSummary>Podsumowanie Pobierania</downloadSummary>
	<downloadThemAll>Pobierz Wszystkie Lokalne</downloadThemAll>
	<dsgpoly>Zbiór danych typu G-Polygon</dsgpoly>
	<durationDays>dni</durationDays>
	<durationHours>godziny</durationHours>
	<durationMinutes>minuty</durationMinutes>
	<durationMonths>miesiące</durationMonths>
	<durationNbDays>Liczba dni:</durationNbDays>
	<durationNbHours>Liczba godzin:</durationNbHours>
	<durationNbMinutes>Liczba minut:</durationNbMinutes>
	<durationNbMonths>Liczba  miesięcy:</durationNbMonths>
	<durationNbSeconds>Liczba sekund:</durationNbSeconds>
	<durationNbYears>Liczba lat:</durationNbYears>
	<durationSeconds>sekundy</durationSeconds>
	<durationSign>Czas trwania ujemny</durationSign> 
	<durationYears>lata</durationYears>
	<dynamic>Interaktywna</dynamic>
	<eastbc>Współrzędna zakresu wschodniego</eastbc>
	<edit>Edycja</edit>
	<Editor>Edytor</Editor>
	<email>Email</email>
	<emailAddressInvalid js="true">Adres Email jest nieprawidłowy</emailAddressInvalid>
	<enclosing>Załącznik</enclosing>
	<enclosingCoordinate>Załączone współrzędne</enclosingCoordinate>
	<enddate>Data końcowa</enddate>
	<enttypl>Etykieta typu encji</enttypl>	
	<exactCoordinate>Dokładne współrzędne</exactCoordinate>
	<exactTerm>Dokładny termin</exactTerm>
	<extended>Zaawansowane</extended>
	<extensionInfoTab>Rozszerzenie</extensionInfoTab>
	<extent>Zasięg</extent>
	<featuredMap>Mapa obiektowa</featuredMap>
	<feedback>Informacja zwrotna</feedback>
	<feedbackCardTitle>Informacja zwrotna i komentarze</feedbackCardTitle>
	<feedbackComments>Informacja zwrotna / komentarze</feedbackComments>
	<feedbackRequest>Prześlij swoje dane przed pobraniem danych</feedbackRequest>
	<file>Plik</file>
	<fileType>Typ pliku:</fileType>
	<fileUploadSuccessful>Pomyślne załadowanie pliku</fileUploadSuccessful>
	<firstName>Imię</firstName>
	<firstNameMandatory js="true">Pole Imię jest obligatoryjne</firstNameMandatory>
	<foundWords>Liczba znalezionych terminów:</foundWords>
	<freeKeyword>Dowolne słowa kluczowe</freeKeyword>
	<from>Od</from>
	<fromDateSelector>Wybierz datę początkową</fromDateSelector>
		<fuzzy>Dokładność szukania</fuzzy>
	<fuzzyImprecise>Niska</fuzzyImprecise>
	<fuzzyPrecise>Wysoka</fuzzyPrecise>
	<fuzzySearch>Ustawia dokładność szukania (od przeszukiwania dokładnego do przybliżonego).</fuzzySearch>
	<general>Ogólny</general>
	<generalInfo>Informacja ogólna</generalInfo>
	<generateUUID>Generuj UUID dla wstawionych metadanych</generateUUID>
	<georss>Otwórz kanał GeoRSS</georss>
	<group>Grupa</group>
	<groupManagement>Zarządzanie grupami</groupManagement>
	<groupManDes>Dodaje/modyfikuje/usuwa/wyświetla grupy</groupManDes>
	<groups>Grupy</groups>
	<harvestingManagement>Zarządzanie zdalnym zbieraniem metadanych (harvesting)</harvestingManagement>
	<harvestingManDes>Dodaje/modyfikuje/usuwa/rozpoczyna/zatrzymuje zadania w trybie "harvesting"</harvestingManDes>
	<help>Pomoc</help>
	<helpLinkTooltip js="true">Pomoc</helpLinkTooltip>
	<helpComplete>Pełna pomoc</helpComplete>
	<helperList>Sugestie:</helperList>
	<hideAdvancedOptions>Ukryj opcje zaawansowane</hideAdvancedOptions>
	<highlights>Najważniejsze informacje</highlights>
	<hitsPerPage>Ilość wyników na stronie</hitsPerPage>
	<hitsPerPageChoice value="10">10</hitsPerPageChoice>
	<hitsPerPageChoice value="100">100</hitsPerPageChoice>
	<hitsPerPageChoice value="20">20</hitsPerPageChoice>
	<hitsPerPageChoice value="50">50</hitsPerPageChoice>
	<home>Strona startowa</home>
	<i18n>Test lokalizacji</i18n>
	<i18nDesc>Ta usługa umożliwia pomoc deweloperom oprogramowania GeoNetwork opensource przy aktualizacji lokalizowania plików interfejsu</i18nDesc>
	<identificationTab>Identyfikacja</identificationTab>
	<identifier>Identyfikator</identifier>
	<imAreaInterest>Wybierz obszar zainteresowania</imAreaInterest>
	<imPan>Przesuń</imPan>
	<import>Import</import>	
	<imZoomFull>Powiększ do pełnego zakresu mapy</imZoomFull>
	<imZoomIn>Powiększ</imZoomIn>
	<imZoomOut>Pomniejsz</imZoomOut>
	<imZoomToLayer>Powiększ do zakresu wybranej warstwy</imZoomToLayer>
	<indexLanguages>Słowa pomijane</indexLanguages>
	<indexLanguagesDes>Możesz określić języki, dla których będą używane słowa pomijane</indexLanguagesDes>    
	<infoTitle>Informacja</infoTitle>
	<insert>Dodaj</insert>
	<insertFileMode js="true">Aktualizacja Pliku</insertFileMode>
	<insertMode>Tryb dodawania:</insertMode>
	<insertPasteMode>Kopiuj/Wklej</insertPasteMode>
	<interactiveMap>Mapa Interaktywna</interactiveMap>
	<interMapInfo><h1>Informacja o interaktywnych mapach</h1><p>Interaktywne mapy można znaleźć poprzez przeszukanie danych cyfrowych w Geonetwork z mapą interaktywną lub bezpośrednie połączenie do skonfigurowanego serwera mapowego. </p><p> Wspierane są następujące serwery mapowe: serwery WMS zgodne z <a href="http://www.opengeospatial.org" class="sm" target="_blank">Open GeoSpatial® Consortium</a> i <a href="http://www.esri.com" class="sm" target="_blank">ESRI® ArcIMS</a>.</p></interMapInfo>
	<intermapSearch>Szukaj wg zasięgu geograficznego</intermapSearch>
	<isoAll>ISO Wszystkie</isoAll>
	<isoCore>ISO Bazowe</isoCore>
	<isoMinimum>ISO Minimalne</isoMinimum>
	<keyword>Słowo kluczowe</keyword>
	<keywords js="true">Słowa kluczowe</keywords>
	<keywordshelp>Wybierz wiele słów kluczowych jednocześnie naciskając klawisz Ctrl i klawisz myszy</keywordshelp>
	<kind>Rodzaj</kind>
	<kindChoice value="company">Firma prywatna</kindChoice>
	<kindChoice value="consultant">Niezależny konsultant</kindChoice>
	<kindChoice value="gov">Instytucja rządowa</kindChoice>
	<kindChoice value="int-org">Organizacja międzynarodowa</kindChoice>
	<kindChoice value="ngo">Organizacja pozarządowa</kindChoice>
	<kindChoice value="other">Inny</kindChoice>
	<kindChoice value="uni">Uczelnia/centrum badawcze</kindChoice>
	<label>Etykieta</label>
	<language>pl</language>
	<large_thumbnail>Kliknij aby zobaczyć obrazek dużego podglądu</large_thumbnail>
	<lastNameMandatory js="true">Pole Nazwisko jest obligatoryjne</lastNameMandatory>
	<latitude>Szerokość geograficzna (pomiędzy -90 i 90) w stopniach</latitude>
	<latMax>Szer max</latMax>
	<latMin>Szer min</latMin>
	<legend>Legenda</legend>
	<link>Link</link>
	<links>Linki</links>
	<loading>Wczytywanie...</loading>
	<local>Szukanie lokalne</local>
	<localiz>Lokalizacja</localiz>
	<localizationHelp>Ważne! To okno pozwala na dodanie wartości klucza do bazy danych.</localizationHelp>localizationHelp>
	<localizDes>Pozwala tłumaczyć na inne języki grupy, kategorie, operacje i regiony</localizDes>
	<localType>Lokalny</localType>
	<location>Gdzie?</location>
	<login>Zaloguj się</login>
	<loginCardTitle>Login / Załóż konto</loginCardTitle>
	<loginwarning>Wymagane tylko do administracji stroną</loginwarning>
	<logout>Wyloguj się</logout>
	<logoutDes>Wylogowuje użytkownika</logoutDes>
	<longitude>Długość geograficzna (pomiędzy -180 i 180) w stopniach</longitude>
	<longMax>Dług max</longMax>
	<longMin>Dług min</longMin>
	<mainpageTitle>Znajdź serwery mapowe, mapy interaktywne, zbiory danych geoprzestrzennych i inne typy zasobów.</mainpageTitle>
	<maintenanceTab>Utrzymanie</maintenanceTab>
	<management>Zarządzanie</management>
	<mandatory>Obligatoryjny</mandatory>
	<mandatoryIf>Obligatoryjny jeśli</mandatoryIf>
	<mapType>Typ mapy</mapType>
	<mapViewerClose>Zamknij przeglądarkę map</mapViewerClose>
	<mapViewerLoading>Załaduj przeglądarkę map...</mapViewerLoading>
	<mapViewerOpen>Otwórz przeglądarkę map</mapViewerOpen>
	<massiveActions>Operacje masowe:</massiveActions>
	<massiveDeleteTitle>Usuwanie zbiorowe</massiveDeleteTitle>
	<massiveNewOwnerTitle>Zbiorowy nowy właściciel</massiveNewOwnerTitle>
	<massiveUpdateCategoriesTitle>Zbiorowa Aktualizacja Kategorii</massiveUpdateCategoriesTitle>
	<massiveUpdatePrivilegesTitle>Zbiorowa Aktualizacja Uprawnień</massiveUpdatePrivilegesTitle>
	<max>Maksimum</max>
	<mdRating>Ocena danych</mdRating>
	<mdUpdateError>Błąd aktualizacji</mdUpdateError>
	<mefFile>Plik MEF</mefFile>
	<message>Nazwa użytkownika lub hasło są nieprawidłowe.<br/>Naciśnij klawisz 'Wstecz' i spróbuj jeszcze raz.</message>
	<messageChanged>Metadane zostały zmodyfikowane przez innego użytkownika. Spróbuj jeszcze raz.</messageChanged>
	<messageDownload>Dziękujemy za zainteresowanie. Naciśnij klawisz pobierania danych aby otrzymać dane</messageDownload>
	<messageLargeFile>Plik jest zbyt duży</messageLargeFile>
	<messageMdUpdateError>Powstał błąd przy aktualizacji metadanych.</messageMdUpdateError>
	<messageNoPrivileges>Nie posiadasz uprawnień do wykonania tej operacji</messageNoPrivileges>
	<messageNotPerformed>Wymagana operacja nie może zostać wykonana.</messageNotPerformed>
	<metadata.admin.index.desc>Przebudowuje indeks Lucene</metadata.admin.index.desc>
	<metadata.admin.index.failed>Operacja indeksowania nie powiodła się.</metadata.admin.index.failed>
	<metadata.admin.index.success>Operacja indeksowania powiodła się.</metadata.admin.index.success>
	<metadata.admin.index.optimize.desc>Optymalizacja indeksu Lucene</metadata.admin.index.optimize.desc>
	<metadata.admin.index.rebuildxlinks.desc>Wyczyść pamięć podręczną XLink i przebuduj indeks rekordów z XLinkami</metadata.admin.index.rebuildxlinks.desc>
	<rebuildxlinks>Przebuduj XLinki</rebuildxlinks>
	<doYouReallyWantToDoThis js="true">Operacja czasochłonna na dużych katalogach i nie może być wykonywana podczas szczytowego wykorzystania. Czy chcesz kontynuować?</doYouReallyWantToDoThis>
	<optimize>Optymalizuj</optimize>
	<metadata.admin.index>Zarządzanie indeksem</metadata.admin.index>
    <metadata-samples>Metadane przykładowe</metadata-samples>
    <metadata-samples-add>Dodaje przykładowe metadane</metadata-samples-add>
    <metadata-samples-add-failed>Dodanie przykładowych metadanych nie powiodło się</metadata-samples-add-failed>
    <metadata-samples-add-success>Przykładowe metadane dodane</metadata-samples-add-success>
	<metadata-template-order>Sortowanie Wzorców</metadata-template-order>	
	<metadata-template-order-desc>Sortuje wzorce</metadata-template-order-desc>	
	<metadata-template-add-default>Dodawanie wzorców</metadata-template-add-default>	
	<metadata-template-add-default-desc>Dodaje domyślne wzorce</metadata-template-add-default-desc>	
	<metadata-template-select>Wybierz wzorce do dodania</metadata-template-select>	
    <metadata>Metadane</metadata>
	<metadataAdded>Dodano metadane z nr ID:</metadataAdded>
	<metadataDeleted>Usunięto metadane z nr ID:</metadataDeleted>
	<metadataInsertResults>Rezultaty importu metadanych</metadataInsertResults>
	<metadataJSForm>Metadane z formularza JS</metadataJSForm>
	<metadataRecordsAdded>Ilość dodanych rekordów metadanych :</metadataRecordsAdded>
	<min>Minimum</min>
	<missing>BRAK lub PUSTY</missing>
	<missingSeeTab>BRAK - See the following group tab in sidebar: </missingSeeTab>
	<more>więcej</more>
	<moreinfo>Aby uzyskać więcej informacji skontaktuj się poprzez email</moreinfo>
	<name>Nazwa</name>
	<newCategory>Dodaj nową kategorię</newCategory>
	<newGroup>Dodaj nową grupę</newGroup>
	<newMdDes>Dodaje nowe metadane poprzez skopiowanie ich ze wzorca</newMdDes>
	<newMdInsert>Nowo dodane metadane:</newMdInsert>
	<newMetadata>Nowe Metadane</newMetadata>
	<newOwner>Nowy właściciel</newOwner>
	<newPassword>Nowe hasło</newPassword>
	<newUser>Dodaj nowego użytkownika</newUser>
	<next>Następny</next>
	<noCategory>Brak dostępnych kategorii.</noCategory>
	<noHelp>Przepraszamy, pomoc niedostępna</noHelp>
	<noInfo>Przepraszamy, informacja niedostępna</noInfo>
	<noLogin>Nie jesteś zalogowany</noLogin>
	<none>żaden</none>
	<noOwnerRights>Uprawnienia/Kategorie Zablokowane: Nie masz uprawnień właścieciela</noOwnerRights>
	<northbc>Współrzędna zakresu północnego</northbc>
	<noSelectedMd>Brak selekcji, wybierz najpierw metadane.</noSelectedMd>
	<noTemplatesAvailable>Brak dostępnego szablonu, zaimportuj najpierw metadane.</noTemplatesAvailable>
	<notfound>Nie znaleziono</notfound>
	<nothing>Brak akcji przy imporcie</nothing>
	<notifications>Zawiadomienia</notifications>
	<online>Mapa interaktywna</online>
	<onlink>Odnośnik sieciowy</onlink>
	<opensearch>Usługa GeoNetwork umożliwiająca szukanie w katalogu metadanych.</opensearch>
	<operation>Operacje</operation>
	<options>Opcje</options>
	<organisation>Organizacja / wydział</organisation>
	<output>Wyjście</output>
	<outputType id="full">Pełny</outputType>
	<outputType id="text">Tylko tekst</outputType>
	<overwrite>Nadpisz metadane z tym samym UUID</overwrite>
	<overwriteFile>Nadpisać?</overwriteFile>
	<owner>Właściciel</owner>
	<page>Strona</page>
	<ownerRights>Usuwanie/Uprawnienia/Kategorie Odblokowane: Masz uprawnienia właściciela.</ownerRights>
	<paper>Wydruk</paper>
	<partial>Częściowe pokrywanie</partial>
	<partialCooordinate>Współrzędne częściowe </partialCooordinate>
	<password>Hasło</password>
	<passwordDoNotMatch>Nie wprowadzono dwukrotnie tego samego hasła. Wprowadź hasło jeszcze raz.</passwordDoNotMatch>
	<passwordEntry>Wprowadź dwukrotnie Twoje hasło.</passwordEntry>
	<passwordLength>Twoje hasło musi złożone z conajmniej " + minLength + " znaków. Spróbuj jeszcze raz.</passwordLength>
	<passwordOldRequired>Obowiązujące jest Twoje stare hasło.</passwordOldRequired>
	<passwordSpace>Spacje nie są dozwolone w haśle.</passwordSpace>
	<persInfo>Informacje o użytkownikach</persInfo>
	<placeKeyword>Słowa kluczowe miejsca</placeKeyword>
	<porCatInfoTab>Katalog</porCatInfoTab>
	<poweredBy>Zasilany przez </poweredBy>
	<previous>Poprzedni</previous>
	<privileges>Uprawnienia</privileges>
	<profile>Profil</profile>
	<profileChoice value="Administrator">Administrator</profileChoice>
	<profileChoice value="Editor">Edytor</profileChoice>
	<profileChoice value="RegisteredUser">Użytkownik zarejestrowany</profileChoice>
	<profileChoice value="Reviewer">Recenzent zawartości</profileChoice>
	<profileChoice value="UserAdmin">Administrator użytkowników</profileChoice>
	<progress>Postęp</progress>
	<progressChoice value="complete">zakończony</progressChoice>
	<progressChoice value="in-work">aktywny</progressChoice>
	<progressChoice value="planned">planowany</progressChoice>
	<progressChoice/>
	<protocol>Protokół</protocol>
	<protocolChoice show="y" value="ESRI:AIMS--http--configuration">Plik konfiguracyjny usługi mapowej ArcIMS (*.AXL)</protocolChoice>
	<protocolChoice show="y" value="ESRI:AIMS--http-get-feature">Usługa map wektorowych ArcIMS</protocolChoice>
	<protocolChoice show="-" value="ESRI:AIMS--http-get-image">Usługa map rastrowych ArcIMS</protocolChoice>
	<protocolChoice show="y" value="GLG:KML-2.0-http-get-map">Usługa Google Earth KML (ver 2.0)</protocolChoice>
	<protocolChoice show="-" value="OGC:CSW">Usługa katalogowa OGC-CSW</protocolChoice>
	<protocolChoice show="-" value="OGC:KML">Język znaczników OGC-KML do wizualizacji danych przestrzennych</protocolChoice>
	<protocolChoice show="-" value="OGC:GML">Język znaczników OGC-GML do wymiany danych przestrzennych</protocolChoice>
	<protocolChoice show="-" value="OGC:ODS">Usługa lokalizacji OGC-ODS</protocolChoice>
	<protocolChoice show="-" value="OGC:OGS">Usługa lokalizacji OGC-OGS</protocolChoice>
	<protocolChoice show="-" value="OGC:OUS">Usługa lokalizacji OGC-OUS</protocolChoice>
	<protocolChoice show="-" value="OGC:OPS">Usługa prezentacji dla lokalizacji OGC-OPS</protocolChoice>
	<protocolChoice show="-" value="OGC:ORS">Usługa lokalizacji trasy OGC-ORS</protocolChoice>
	<protocolChoice show="-" value="OGC:SOS">Usługi obserwacyjne OGC-SOS</protocolChoice>
	<protocolChoice show="-" value="OGC:SPS">Usługi planowania OGC-SPS</protocolChoice>
	<protocolChoice show="-" value="OGC:SAS">Usługi alarmu OGC-SAS</protocolChoice>
	<protocolChoice show="-" value="OGC:WCS">Usługa pokrycia OGC-WCS</protocolChoice>
	<protocolChoice show="y" value="OGC:WCS-1.1.0-http-get-capabilities">Usługa pokrycia OGC-WCS (ver 1.1.0)</protocolChoice>
	<protocolChoice show="-" value="OGC:WCTS">Usługa przeliczania współrzędnych OGC-WCTS</protocolChoice>
	<protocolChoice show="-" value="OGC:WFS">Usługa udostępniania danych przestrzennych OGC-WFS</protocolChoice>
	<protocolChoice show="y" value="OGC:WFS-1.0.0-http-get-capabilities">Usługa udostępniania danych przestrzennych OGC-WFS (ver 1.0.0)</protocolChoice>
	<protocolChoice show="-" value="OGC:WFS-G">Usługa gazetera OGC-WFS-G</protocolChoice>
	<protocolChoice show="y" value="OGC:WMC-1.1.0-http-get-capabilities">Usługa kontekstu OGC-WMC (ver 1.1)</protocolChoice>
	<protocolChoice show="-" value="OGC:WMS">Usługa prezentacji danych przestrzennych OGC-WMS</protocolChoice>
	<protocolChoice show="-" value="OGC:WMS-1.1.1-http-get-capabilities">Usługa Capabilities OGC-WMS (ver 1.1.1)</protocolChoice>
	<protocolChoice show="-" value="OGC:WMS-1.3.0-http-get-capabilities">Usługa Capabilities OGC-WMS (ver 1.3.0)</protocolChoice>
	<protocolChoice show="-" value="OGC:WMS-1.1.1-http-get-map">Usługa prezentacji danych przestrzennych OGC-WMS (ver 1.1.1)</protocolChoice>
	<protocolChoice show="-" value="OGC:WMS-1.3.0-http-get-map">Usługa prezentacji danych przestrzennych OGC-WMS (ver 1.3.0)</protocolChoice>
	<protocolChoice show="-" value="OGC:WNS">Usluga powiadomienia OGC-WNS</protocolChoice>
	<protocolChoice show="-" value="OGC:WPS">Usługa przetwarzania OGC-WPS</protocolChoice>
	<protocolChoice show="-" value="WWW:DOWNLOAD-1.0-ftp--download">Plik do pobrania poprzez FTP</protocolChoice>
	<protocolChoice show="-" value="WWW:DOWNLOAD-1.0-http--download">Plik do pobrania</protocolChoice>
	<protocolChoice show="y" value="WWW:LINK-1.0-http--ical">iCalendar (URL)</protocolChoice>
	<protocolChoice show="y" value="WWW:LINK-1.0-http--link">Adres sieciowy (URL)</protocolChoice>
	<protocolChoice show="y" value="WWW:LINK-1.0-http--partners">Adres sieciowy współpracowników (URL)</protocolChoice>
	<protocolChoice show="y" value="WWW:LINK-1.0-http--related">Powiązany adres sieciowy (URL)</protocolChoice>
	<protocolChoice show="y" value="WWW:LINK-1.0-http--rss">Kanał RSS (URL)</protocolChoice>
	<protocolChoice show="y" value="WWW:LINK-1.0-http--samples">Prezentacja produktów (URL)</protocolChoice>
    <protocolChoice show="-" value="UKST">Nieznany typ usługi</protocolChoice>
	<pubdate>Data publikacji</pubdate>
	<publicationDate>Data publikacji</publicationDate>
	<publisher>Wydawca</publisher>
	<purpose>Cel</purpose>
	<rateIt>Oszacuj</rateIt>
	<ratingMsg>Naciśnij klawisz aby oszacować. Nowe szacunki będą widoczne po pewnym czasie.</ratingMsg>
	<rawMetadata>Dodaj rekord metadanych</rawMetadata>
	<rebuild>Przebuduj</rebuild>
	<recentAdditions>Ostatnie zmiany</recentAdditions>
	<refSysTab>System odniesienia</refSysTab>
	<region>Region</region>
	<register>Rejestruj</register>
	<registerChoose>Chcę </registerChoose>
	<RegisteredUser>Użytkownik zarejestrowany</RegisteredUser>
	<registerTitle>Formularz rejestracji</registerTitle>
	<registrationDetails>Wprowadzone szczegóły rejestracji: </registrationDetails>
	<remote>Szukanie zdalne</remote>
	<remoteType>Zdalny</remoteType>
	<remoteUpdates>Aktualizacja zdalna</remoteUpdates>
	<remove>Usuń</remove>
	<res>Wyniki</res>
	<reset>Wyczyść</reset>
	<resetFeedbackForm>Wyczyść formularz informacji zwrotnej</resetFeedbackForm>
	<resetPassword>Wyczyść hasło</resetPassword>
	<resetSearch>Wyczyść formularz szukania</resetSearch>
	<ress>wynik</ress>
	<restrictTo>Ograniczenia</restrictTo>
	<result>Ostatnia strona wyników</result>
	<resultsCoordinate>Wyniki szukania według współrzędnych </resultsCoordinate>
	<resultsFreeText>Wyniki szukania według dowolnych słów </resultsFreeText>
	<resultsMatching>Zagregowane wyniki spełniające kryteria poszukiwań:</resultsMatching>
	<Reviewer>Recenzent zawartości</Reviewer>
	<rss>Otwórz kanał RSS</rss>
	<rtitle>Tytuł</rtitle>
	<save>Zapisz</save>
	<saveAndClose>Zapisz i Zamknij</saveAndClose>
	<saveAndValidate>Sprawdź</saveAndValidate>
	<savepdf>Zapisz wyniki szukania w pliku PDF</savepdf>
	<printSelection>Zapisz do pliku PDF</printSelection>
	<schema>Schemat</schema>
	<schematronError>Błąd schematronu</schematronError>
	<search>Szukaj</search>
	<searchAllText>Co?</searchAllText>
	<searchBox>Szukaj danych i informacji</searchBox>
	<searchIndex>Indeks szukania</searchIndex>
	<searching js="true">...Szukanie Metadanych...</searching>
	<searchPage>Strona szukania metadanych</searchPage>
	<searchPageDes>Przejdź do strony szukania metadanych</searchPageDes>
	<searchTemplates>Szukaj wzorców</searchTemplates>
	<searchText>Co?</searchText>
	<searchUnused>Szuka pustych lub nieużywanych metadanych</searchUnused>
	<searchUnusedTitle>Szukanie nieużywanych</searchUnusedTitle>
	<select>Wybierz: </select>
	<selectAll>Wybierz wszystkie metadane</selectAll>
	<selectAllNotPossible>Zbyt duża ilość wybranych! Ilość musi być mniejsza niż </selectAllNotPossible>
	<selected> wybrane</selected>
	<selectedOnly>Wyświetl tylko wybrane</selectedOnly>
	<selection>Wybór</selection>
	<selectNone>Odznacz wybrane metadane</selectNone>
	<server>Serwer</server>
	<setAll>Ustaw wszystkie</setAll>
	<setOnSave>Wartość zostanie ustawiona gdy zapisany zostanie rekord</setOnSave>
	<shibLogin>Login Shibboleth</shibLogin>
	<show>Metadane</show>
	<showFileDownloadSummary>Pokaż wybór pobierania plików</showFileDownloadSummary>
	<simple>Szukanie proste</simple>
	<simpleTab>Widok standardowy</simpleTab>
	<simpleTabEditor>Edytor standardowy</simpleTabEditor>
	<singleFile>Pojedynczy plik (XML, SLD, WMC...)</singleFile>
	<site>Strona</site>
	<siteId>ID strony</siteId>
	<sizeBytes>Wielkość (bajty)</sizeBytes>
	<sortBy>Posortowany według</sortBy>
	<sortByType id="changeDate">Zmiana daty</sortByType>
	<sortByType id="popularity">Poczytność</sortByType>
	<sortByType id="rating">Ocena</sortByType>
	<sortByType id="relevance">Trafność</sortByType>
	<sortByType id="title">Tytuł</sortByType>
	<southbc>Współrzędna zakresu południowego</southbc>
	<spacesNot js="true">Spacje nie są dozwolone w tym polu</spacesNot>
	<spatial2Tab>Repr. przestrz.</spatial2Tab>
	<spatialTab>Info. przestrz.</spatialTab>
	<startsWith>Rozpocznij od</startsWith>
	<state>Stan</state>
	<styleSheet>Wzorzec</styleSheet>
	<submit>Wyślij</submit>
	<subtemplate>Podwzorzec</subtemplate>
	<subtemplateTitle>Tytuł podwzorca</subtemplateTitle>
	<summaryTab>Streszczenie</summaryTab>
	<surName>Nazwisko</surName>
	<systemConfig>Konfiguracja systemu</systemConfig>
	<systemConfigDes>Pozwala zmienić niektóre parametry systemowe</systemConfigDes>
	<template>Wzorzec metadanych</template>
	<Term>Termin</Term>
	<thanks>Dzięki za Twój wysiłek, ekipa GeoNetwork</thanks>
	<theme>Kategoria tematyczna ISO</theme>
	<thumbnails>Podglądy graficzne</thumbnails>
	<timeout>Czas maks. oczekiwania na odpowiedź</timeout>
	<timeoutChoice value="10">po 10 sekundach</timeoutChoice>
	<timeoutChoice value="20">po 20 sekundach</timeoutChoice>
	<timeoutChoice value="30">po 30 sekundach</timeoutChoice>
	<title>GeoNetwork - Portal do szukania danych przestrzennych</title>
	<to>Do: </to>
	<toDateSelector>Wybierz datę końcową</toDateSelector>
	<tools>Narzędzia</tools>
	<topic>Temat</topic>
	<transferOwnership>Przeniesienie własności</transferOwnership>
	<transferOwnershipDes>Przeniesienie własności metadanych na innych użytkowników</transferOwnershipDes>
	<type>Typ</type>
	<up>Do góry</up>
	<update>Aktualizacja</update>
	<updateCategories>Aktualizacja kategorii</updateCategories>
	<updateCategory>Aktualizacja kategorii</updateCategory>
	<updateGroup>Aktualizacja grupy</updateGroup>
	<updatePrivileges>Aktualizacja uprawnień</updatePrivileges>
	<updateUserAccount>Aktualizacja informacji o użytkowniku </updateUserAccount>
	<upload>Ładowanie</upload>
	<user>Użytkownik</user>
	<UserAdmin>Administrator użytkowników</UserAdmin>
	<userAtLeastOneGroup js="true">Wybierz conajmniej jedną grupę.</userAtLeastOneGroup>
	<userDefined>- Zasięg użytkownika -</userDefined>
	<userInfo>Zmień informacje o użytkowniku</userInfo>
	<userInfoDes>Pozwala aktualnemu użytkownikowi na zmianę informacji o użytkowniku</userInfoDes>
	<userManagement>Zarządzanie użytkownikami</userManagement>
	<userManDes>Dodaje/modyfikuje/usuwa/wyświetla użytkowników</userManDes>
	<username>Użytkownik</username>
	<usernameMandatory>Pole użytkownika jest obligatoryjne.</usernameMandatory>
	<userPw>Zmiana hasła</userPw>
	<userPwDes>Pozwala aktualnemu użytkownikowi na zmianę hasła</userPwDes>
	<uuidAction>Akcje importu:</uuidAction>
	<validate>Waliduj</validate>
	<validityBegins>Walidacja rozpoczyna się</validityBegins>
	<validityEnds>i kończy</validityEnds>
	<view>Podgląd</view>
	<viewInGE>Podgląd w Google Earth</viewInGE>
	<waitGetCap js="true">Ładowanie warstw z serwera, czekaj proszę...</waitGetCap>
	<westbc>Współrzędna zakresu zachodniego</westbc>
	<what>Co?</what>
	<when>Kiedy?</when>
	<where>Gdzie?</where>
	<winInfo1>Te okno pokazuje zasoby GeoNetwork. Te okno może być czasami ukryte w zależności od tego jak Twoja przegladarka zarządza oknami. W tym przypadku musisz ręcznie przywrócić okno jako pierwszoplanowe wtedy kiedy jest to konieczne.</winInfo1>
	<winInfo2>Poprzez ikonę Pomocy (?) masz dostęp do wyjaśnień. Kiedy aktywujesz tą ikonę wyświetlają się wyniki w oknie zasobów.</winInfo2>
	<wwwlink>Linki www</wwwlink>
	<xmlInsert>Importuje metadane z plików w formacie XML lub MEF</xmlInsert>
	<xmlInsertTitle>Import Metadanych XML</xmlInsertTitle>
	<xmlTab>Widok XML</xmlTab>
	<inspireTab>Widok INSPIRE</inspireTab>
	<inspireSection>
		<identification>
			<title>Identyfikacja</title>
			<help>
				<div>
				Następujące elementy metadanych będą dostarczone:
				<ul>
					<li>Tytuł zasobu:
						Jest to charakterystyczna, często unikalna nazwa, pod którą znany jest zasób. Dziedziną wartości tego elementu metadanych jest wolny tekst.</li>
					<li>Streszczenie zasobu:
						Jest to krótkie podsumowanie zawartości zasobu. Dziedziną wartości tego elementu metadanych jest wolny tekst.</li>
					<li>Typ zasobu:
						Jest to typ zasobu opisywany przez metadane. Dziedzina wartości tego elementu metadanych jest zdefiniowana w części D.1.</li>
					<li>Adres zasobu:
						Adres zasobu definiuje połączenie do zasobu i/lub połączenie do dodatkowych informacji o zasobie. Dziedziną wartości tego elementu metadanych jest łańcuch znaków, powszechnie wyrażany jako adres URL.</li>
					<li>Unikalny identyfikator zasobu:
						Wartość unikalnie identyfikująca zasób. Dziedziną wartości tego elementu metadanych jest obligatoryjny kod w postaci łańcucha znaków, zazwyczaj przypisany przez właściciela danych i przestrzeń nazw w postaci łańcucha znaków identyfikujące w sposób unikalny kontekst kodu identyfikatora (na przykład właściciela danych).	</li>
					<li>Zasób połączony:
						Jeśli zasób jest usługą danych przestrzennych, ten element metadanych identyfikuje, odpowiednie docelowe zbiory danych poprzez ich Unikalny Identyfikator Zasobu (URI). Dziedziną wartości tego elementu metadanych jest obligatoryjny kod w postaci łańcucha znaków, zazwyczaj przypisany do właściciela danych i przestrzeń nazw w postaci łańcucha znaków identyfikujące w sposób unikalny kontekst kodu identyfikatora (na przykład właściciela danych).</li>
					<li>Język zasobu:
						Język użyty w zasobie. Dziedzina wartości tego elementu metadanych jest ograniczona do języków zdefiniowanych w ISO 639-2.</li>
				</ul>
				</div>
			</help>
		</identification>
		<classification>
			<title>Klasyfikacja danych i usług przestrzennych</title>
			<help>
				<div>
					<ul>
						<li>Kategoria tematyczna:
							Kategoria tematyczna jest schematem klasyfikacyjnym wysokiego poziomu pomocną w grupowaniu wyszukania opartego na tematach w dostępnych zasobach danych przestrzennych. Dziedzina wartości tego elementu metadanych jest zdefiniowana w części D.2.</li>
						<li>
							Typ usługi danych przestrzennych: 
							Jest to klasyfikacja pomocna w wyszukaniu dostępnych usług danych przestrzennych. Specyficzne usługi powinny być sklasyfikowane tylko w jednej kategorii. Dziedzina wartości tego elementu metadanych jest zdefiniowana w części D.3.
						</li>
					</ul>
				</div>
			</help>
		</classification>
		<keywords>
			<title>Słowa kluczowe &amp; Tematy INSPIRE</title>
			<help>
				<div>
					Stosownie do zasad implementacji metadanych w ramach dyrektywy INSPIRE, jeśli zasób jest zbiorem danych przestrzennych lub serią danych przestrzennych, powinien być opisany conajmniej jednym słowem kluczowym ze słownika GEMET opisującego stosowne tematy danych przestrzennych zdefiniowane w aneksach I, II lub III do dyrektywy.
					<br/>
					Tytuły i definicje wszystkich 34 tematów danych przestrzennych INSPIRE zostały zintegrowane w słowniku GEMET w 23 oficjalnych językach Wspólnoty: http://www.eionet.europa.eu/gemet/inspire_themes.
					<br/>
					Należy zauważyć, że dodatkowo oprócz tematów danych przestrzennych INSPIRE, mogą być dodane także inne słowa kluczowe. Mogą być opisane jako wolny tekst lub mogą pochodzić z uregulowanego słownika. Jeśli pochodzą z uregulowanego słownika, powinno zostać dostarczone przytoczenie pochodzenia uregulowanego słownika, jak opisano poniżej. 
				</div>
			</help>
		</keywords>
		<geoloc>
			<title>Lokalizacja geograficzna</title>
			<help>
				<div>
					Wymaganie lokalizacji geograficznej stosownie do Artykułu 11(2)(e) Dyrektywy 2007/2/EC powinno być wyrażone elementem metadanych w postaci geograficznego prostokątu ograniczającego.
					Jest to zasięg zasobu w przestrzeni geograficznej, podany jako prostokąt ograniczający. Prostokąt ten powinien być wyrażony granicznymi wartościami zachodniej i wschodniej długości geograficznej oraz południowej i północnej szerokości geograficznej podanymi w stopniach, z dokładnością przynajmniej 2 miejsc po przecinku. 
				</div>
			</help>
		</geoloc>
		<temporal>
			<title>Odniesienie czasowe</title>
			<help>
				<div>
					Ten element metadanych wymaga pozyskania informacji o czasowym wymiarze danych stosownie do Artykułu 8(2)(d) Dyrektywy 2007/2/EC. Powinien być wprowadzony co najmniej jeden element metadanych odnoszący się do punktów od 5.1 do 5.4. Dziedziną wartości elementów metadanych odnoszących się do punktów od 5.1 do 5.4 jest zbiór dat. Każda data powinna odnosić się do systemu odniesień czasowych i powinna być wyrażona w formie zgodnej z tym systemem. Domyślny system odniesienia powinien opierać się na kalendarzu Gregoriańskim, z datami wyrażonymi stosownie do standardu ISO 8601.
					<br/>
					Zasięg czasowy definiuje przedział czasowy objęty zawartością zbioru danych.
					
					Przedział czasowy może być wyrażony na jeden z poniższych sposobów:
					<ul>
						<li>pojedyncza data</li>
						<li>interwał wyrażony poprzez datę początkową i datę końcową interwału</li>
						<li>połączenie pojedynczych dat i interwałów czasowych</li>
					</ul>
				</div>
			</help>
		</temporal>
		<quality>
			<title>Jakość i ważność</title>
			<help>
				<div> Wymagania określone w Artykule 5(2) i Artykule 11(2) Dyrektywy 2007/2/EC odnoszące się do jakości i ważności danych przestrzennych, powinny znaleźć swoje odzwierciedlenie w następujących elementach metadanych: 
					<ul>
						<li>Historia:
							Jest to wyjaśnienie historii procesu i/lub ogólnej jakości zbioru danych przestrzennych. Tam gdzie stosowne może zawierać oświadczenie czy zbiór danych został poddany walidacji lub jest zapewniona określona jakośc, czy jest to oficjalna wersja (jeśli istnieje wiele wersji), i czy jest ważny pod względem prawnym. Dziedziną wartości tego elementu metadanych jest wolny tekst.</li>
						<li>
							Rozdzielczość przestrzenna:
							
							Rozdzielczość przestrzenna odnosi się do poziomu szczegółowości zbioru danych. Powinien być wyrażony jako odległość bazowa (zazwyczaj dla danych siatkowych i produktów pochodzących ze zdjęć) lub skala (typowa dla map lub produktów pochodnych od map). Odpowiednia skala jest wyrażana poprzez mianownik skali będący wartością całkowitą typu integer. Odległość bazowa powinna być wartością wyrażoną w jednostkach długości.			
						</li>
					</ul>
				</div>
			</help>
		</quality>
		<conformity>
			<title>Zgodność</title>
			<help>
				<div>
					Wymaganie określone w Artykule 5(2)(a) i Artykule 11(2)(d) Dyrektywy 2007/2/EC odnoszące się do zgodności i stopnia zgodności, z implementacją zasad przyjętych w Artykule 7(1) Dyrektywy 2007/2/EC powinny znaleźć swoje odzwierciedlenie w następujących elementach metadanych:
					<ul>
						<li>Specyfikacja:
							Jest to przytoczenie reguł implementacyjnych przyjętych Artykułem 7(1) Dyrektywy 2007/2/EC lub innych specyfikacji, którym odpowiadają zasoby. Zasób może odpowiadać więcej niż jednej regule implementacyjnej przyjętej Artykułem 7(1) Dyrektywy 2007/2/EC lub innych specyfikacji.
							Przytoczenie to powinno zawierać conajmniej tytuł i datę referencyjną (datę publikacji, datę ostatniego przeglądu lub datę utworzenia) reguł implementacyjnych przyjętych w Artykule 7(1) Dyrektywy 2007/2/EC lub innych specyfikacji.
						</li>
						<li>
							Stopień:
							Jest to stopień zgodności zasobu z regułami implementacyjnymi przyjętymi w Artykule 7(1) Dyrektywy 2007/2/EC lub innej specyfikacji. Dziedzina wartości tego elementu metadanych jest zdefiniowana Części D. 
						</li>
					</ul>
				</div>
			</help>
		</conformity>
		<constraint>
			<title>Ograniczenia związane z dostępem i użyciem</title>
			<help>
				<div>
					Ograniczenie związane z dostępem i użyciem powinny być znaleźć odzwierciedlenie w jednym lub obu z następujących elementów metadanych:
					<ul>
						<li>
							Warunki stosowania dostępu i użycia:
							Ten element metadanych definiuje warunki dostępu i użycia zbiorów danych przestrzennych i usług, a gdzie ma zastosowanie, odpowiadających im opłat jak to jest wymagane w Artykule 5(2)(b) i Artykule 11(2)(f) Dyrektywy 2007/2/EC. Dziedziną wartości tego elementu metadanych jest wolny tekst. Element musi posiadać wartości.
							
							Jeśli nie stosuje się warunków dostępu i użycia zasobu, powinien być zastosowany zapis "nie dotyczy". Jeśli warunki są nieznane, powinien być zastosowany zapis "warunki nieznane". Element ten powinien dostarczać informacji o koniecznych opłatach związanych z dostępem i używaniem zasobu, jeśli ma zastosowanie, odniesienie do adresu URL gdzie informacja o opłatach jest dostępna.
						</li>
						<li>
							Ograniczenia w publicznym dostępie: 
							Kiedy Państwa Członkowskie ograniczają publiczny dostęp do zbiorów danych przestrzennych i usług danych przestrzennych według Artykułu 13 Dyrektywy 2007/2/EC, ten element metadanych powinien dostarczyć informacji o ograniczeniach i ich powodach. Jeśli nie ma ograniczeń w publicznym dostępie, ten element metadanych powinien wskazywać ten fakt. Dziedziną wartości tego elementu metadanych jest wolny tekst.
						</li>
					</ul>
				</div>
			</help>
		</constraint>
		<org>
			<title>Organizacje odpowiedzialne za ustanowienie, zarządzanie, utrzymanie i dystrybucję</title>
			<help>
				<div>
					W związku z Artykułem 5(2)(d) i Artykułem 11(2)(g) Dyrektywy 2007/2/EC, powinny znaleźć swoje odzwierciedlenie w następujących elementach metadanych:
					<ul>
						<li>
							Strona odpowiedzialna:
							Jest to opis organizacji odpowiedzialnej za ustanowienie, zarządzanie, utrzymanie i dystrybucję zasobu. Opis ten powinien zawierać:
							(nazwę organizacji jako wolny tekst, kontaktowy adres e-mail jako łańcuch znaków.)
						</li>
						<li>
							Rola strony odpowiedzialnej:
							Jest to rola organizacji odpowiedzialnej. Dziedzina wartości tego elementu metadanych jest zdefiniowana w Części D.6.
						</li>
					</ul>
				</div>
			</help>
		</org>
		<metadata>
			<title>Metadane</title>
			<help>Mając na względzie Artykuł 5(1) Dyrektywy 2007/2/EC.</help>
		</metadata>
	</inspireSection>
	<inspireAddConformity>Dodaj sekcję zgodności z INSPIRE</inspireAddConformity>
	<xsdError>Błąd walidacji XSD</xsdError>
	<yourRegistration js="true">Twoja rejestracja...</yourRegistration>
	<zip>Kod pocztowy</zip>
    	<header_meta>
		<meta name="keywords" content="GeoNetwork opensource metadane ISO19115 ISO19139 ISO GIS teledetekcja dane shapefile dane przestrzenne obrazy satelitarne mapy interaktywne opengis geoprzestrzenne CSW odniesienie implementacja mapowanie 19115 19139 geograficzny z39.50 katalog geoportal pokrycie grid raster dane wolne i otwarte oprogramowanie sieć"/>
		<meta name="description" content="GeoNetwork opensource umożliwia dostęp poprzez Internet do inteaktywnych map, obrazów satelitarnych i powiązanych baz danych przestrzennych. Jego celem jest poprawa dostępu do danych przestrzennych. GeoNetwork opensource pozwala na współdzielenie danych przestrzennych pomiędzy różnymi użytkownikami"/>
		<link rel="schema.DC" href="http://purl.org/dc/elements/1.1/"/>
		<meta name="DC.title" lang="Polish" content="Portal GeoNetwork opensource dla danych przestrzennych"/>
		<meta name="DC.creator" content="Ekipa GeoNetwork"/>
		<meta name="DC.subject" lang="Polish" content="GeoNetwork opensource metadane ISO19115 ISO19139 ISO GIS teledetekcja dane shapefile dane przestrzenne obrazy satelitarne mapy interaktywne opengis geoprzestrzenne CSW odniesienie implementacja mapowanie 19115 19139 geograficzny z39.50 katalog geoportal pokrycie grid raster dane wolne i otwarte oprogramowanie sieć"/>
		<meta name="DC.description" lang="Polish" content="GeoNetwork opensource umożliwia dostęp poprzez Internet do inteaktywnych map, obrazów satelitarnych i powiązanych baz danych przestrzennych. Jego celem jest poprawa dostępu do danych przestrzennych. GeoNetwork opensource pozwala na współdzielenie danych przestrzennych pomiędzy różnymi użytkownikami"/>
		<meta name="DC.publisher" content=""/>
		<meta name="DC.date" content=""/>
		<meta name="DC.type" scheme="DCMIType" content="InteractiveResource"/>
		<meta name="DC.format" content="text/html; charset=UTF-8"/>
		<meta name="DC.language" content="English French Spanish German Russian Polish"/>
		<meta name="DC.coverage" content="Global"/>
	</header_meta>
	<mainpage1>
		<h1>Celem oprogramowania GeoNetwork opensource jest:</h1>
		<ul>
			<li>Poprawa dostępu i zintegrowanie używania danych i informacji przestrzennych,</li>
			<li>Pomoc osobom podejmującym decyzje,</li>
			<li>Promowanie interdyscyplinarnego podejścia w zrównoważonym rozwoju,</li>
			<li>Wzmocnienie zrozumienia korzyści wynikających z posiadania informacji geograficznych.</li>
		</ul>
	</mainpage1>
	<mainpage2>
		<p>
		GeoNetwork opensource pozwala na dzielenie się informacjami tematycznymi odniesionymi 
		przestrzennie pomiędzy różnymi organizacjami. Aby uzyskać więcej informacji skontaktuj się nami.
		</p>
	</mainpage2>
	<mainhelp1> Jak szukać... </mainhelp1>
	<mainhelp2> Ukryj pomoc... </mainhelp2>
	<mainhelp3>
		<p>
			<font size="-2"> Można szukać z użyciem dostarczonych opcji lub ich kombinacji.<br/> Będą wyświetlone tylko te rezultaty, które spełniają wszystkie kryteria. </font>
		</p>
		<p>
			<font size="-2"> <b>Co?</b> wyszukuje pasujący tekst we wszystkich polach metadanych zawartych w GeoNetworku. <br/>
				<i> Kiedy wprowadzone zostanie więcej niż jedno słowo w okienku <b>Wolnego tekstu</b>, zostaną one zinterpretowane przez system jak oddzielone operatorem logicznym AND. </i>
			</font>
		</p>
		<p>
			<font size="-2"> <b>Temat</b> wyszukane zostaną mapy, które należą do określonego tematu. </font>
		</p>
		<p>
			<font size="-2"> <b>Gdzie?</b> wyszukane zostaną mapy, które zawierają się w wybranym ograniczonym prostokątem obszarze. </font>
		</p>
		<p>
			<font size="-2"> Wybieranie opcji "<b>
					<input name="demo" type="checkbox" checked="checked"/> Włączenie</b> wybranego <b>Obszaru</b>" znajdzie mapy, które obejmują większą przestrzeń niż wybrany obszar.<br/>
				<i>Na przykład: Mapy świata lub regionów również obejmują obszar wybranego państwa.</i>
			</font>
		</p>
		<p>
			<font size="-2"> Wybieranie opcji "<b>
					<input name="demo" type="checkbox" checked="checked"/> Częściowego pokrywania</b> wybranego <b>Obszaru</b>" również znajdzie mapy, które tylko w części obejmują wybrany obszar.</font>
		</p>
	</mainhelp3>
	<savexml>
		<dc>Zapisz metadane Dublin Core w pliku XML</dc>
		<fgdc>Zapisz metadane FGDC w pliku XML</fgdc>
		<iso19115Esri>Zapisz metadane ISO19115 w pliku XML dla ArcCatalog firmy ESRI</iso19115Esri>
		<iso19139>Zapisz metadane ISO19115/19139 w pliku XML</iso19139>
		<iso19139fra>Zapisz metadane ISO19115/19139 w pliku XML</iso19139fra>
	</savexml>
	<thesaurus>
		<addelement>Dodaj element</addelement>
		<admin>Zarządzaj słownikami</admin>
		<broader>Termin o szerszym znaczeniu</broader>
		<category>Kategoria słownika</category>
		<consultation>Podgląd słownika</consultation>
		<delete>Usuń słownik</delete>
		<deleteelement>Usuń element</deleteelement>
		<download>Pobierz słownik</download>
		<edit>Edytuj słownik</edit>
		<editelement>Edytuj element</editelement>
		<edition>Edytuj słownik</edition>
		<en>w</en>
		<foundKeyWords>Liczba znalezionych terminów</foundKeyWords>
		<foundKeyWordsLimit>Maksymalna liczba znalezionych terminów</foundKeyWordsLimit>
		<keywordConfirm>Potwierdź usunięcie słowa kluczowego</keywordConfirm>
		<keywordDescription>Definicja słowa kluczowego:</keywordDescription>
		<management>Zarządzaj słownikiem</management>
		<manDes>Dodaj/modyfikuj/usuń/wyświetl słownik</manDes>
		<narrower>Termin o węższym znaczeniu</narrower>
		<related>Termin powiązany</related>
		<thesaurus>Słownik</thesaurus>
		<unknown>Słownik nieznany</unknown>
		<update>Aktualizacja słownika</update>
		<updateelement>Aktualizacja elementu</updateelement>
		<upload>Ładowanie słownika</upload>
	</thesaurus>
	<searchhelp>
		<searchAllText>Wprowadź dowolny tekst</searchAllText>
		<rtitle>Wprowadź tytuł</rtitle>
		<abstract>Wprowadź streszczenie</abstract>
		<keywords>Wybierz słowa kluczowe z istniejących rekordów metadanych</keywords>
		<thesaurus>Wybierz słowa kluczowe ze słownika</thesaurus>
	</searchhelp>

    <inspire>
        <what>
            <l1>Opcje szukania INSPIRE</l1>
            <l2>Metadane INSPIRE</l2>
            <l3>Tylko metadane INSPIRE</l3>
            <l4>Ukryj opcje INSPIRE</l4>
            <l5>Pokaż opcje INSPIRE</l5>
            <l6>Aneks </l6>
            <l7>Typ źródła</l7>
            <l8>Wszystko</l8>
            <l9>Zbiory danych i serie danych</l9>
            <l10>Usługi</l10>
            <l11>Organizacje</l11>
            <l12>Pokaż tematy INSPIRE</l12>
            <l13>Ukryj tematy INSPIRE</l13>
            <l14>Temat INSPIRE</l14>
            <l15>Typ usługi</l15>
        </what>
        <annex1>
            <l1>Systemy odniesienia za pomocą współrzędnych</l1>
            <l2>Systemy siatek geograficznych</l2>
            <l3>Nazwy geograficzne</l3>
            <l4>Jednostki administracyjne</l4>
            <l5>Adresy</l5>
            <l6>Działki katastralne</l6>
            <l7>Sieci transportowe</l7>
            <l8>Hydrografia</l8>
            <l9>Obszary chronione</l9>
        </annex1>
        <annex2>
            <l1>Ukształtowanie terenu</l1>
            <l2>Użytkowanie terenu</l2>
            <l3>Sporządzanie ortoobrazów</l3>
            <l4>Geologia</l4>
        </annex2>
        <annex3>
            <l1>Jednostki statystyczne</l1>
            <l2>Budynki</l2>
            <l3>Gleba</l3>
            <l4>Zagospodarowanie przestrzenne</l4>
            <l5>Zdrowie i bezpieczeństwo ludzi</l5>
            <l6>Usługi użyteczności publicznej i służby państwowe</l6>
            <l7>Urządzenia do monitorowania środowiska</l7>
            <l8>Obiekty produkcyjne i przemysłowe</l8>
            <l9>Obiekty rolnicze oraz akwakultury</l9>
            <l10>Rozmieszczenie ludności – demografia</l10>
            <l11>Gospodarowanie obszarem/strefy ograniczone/regulacyjne oraz jednostki sprawozdawcze</l11>
            <l12>Strefy zagrożenia naturalnego</l12>
            <l13>Warunki atmosferyczne</l13>
            <l14>Warunki meteorologiczno-geograficzne</l14>
            <l15>Warunki oceanograficzno-geograficzne</l15>
            <l16>Regiony morskie</l16>
            <l17>Regiony biogeograficzne</l17>
            <l18>Siedliska i obszary przyrodniczo jednorodne</l18>
            <l19>Rozmieszczenie gatunków</l19>
            <l20>Zasoby energetyczne</l20>
            <l21>Zasoby mineralne</l21>
        </annex3>
    </inspire>
    
    <selectMetadataFileAlert>Musisz wybrać dodawany plik metadanych</selectMetadataFileAlert>
    <showMoreSearchFields>Pokaż/Ukryj więcej pól szukania</showMoreSearchFields>
    <searchEitherOfTheWords>Jedno ze słów</searchEitherOfTheWords>
    <searchExactPhrase>Dokładne wyrażenie</searchExactPhrase>
    <searchAllWords>Wszystkie słowa</searchAllWords>
    <searchWithoutWords>Oprócz słów</searchWithoutWords>
    
    <showMap>Pokaż mapę</showMap>
    <mapViewer>Przeglądarka map</mapViewer>

    <uuid>Unikalny identyfikator</uuid>
    <mymetadata>Moje metadane</mymetadata>
    <addremove>Dodaj/Usuń</addremove>
    <enabled>Dostępny</enabled>
    <notifications>Powiadomienie o celach zdalnych</notifications>
    <url>URL</url>
    
    <cswServer>Serwer CSW</cswServer>
    <cswServerDes>Konfiguracja serwera CSW</cswServerDes>
    <cswServerConfig>Konfiguracja serwera CSW</cswServerConfig>
    <cswServerEnable>Dostępny</cswServerEnable>
    <cswServerMetadataPublic>Dodane metadane są publiczne (Transakcje)</cswServerMetadataPublic>
    <cswServerTitle>Tytuł</cswServerTitle>
    <cswServerAbstract>Streszczenie</cswServerAbstract>
    <cswServerFees>Opłaty</cswServerFees>
    <cswServerAccessConstraints>Ograniczenia dostępu</cswServerAccessConstraints>
    <cswServerContact>Kontakt</cswServerContact>
    <customize-elementset>Profilowany zbiór elementów</customize-elementset>
    <csw-server-disabled>Serwer CSW jest niedostępny.</csw-server-disabled>
    <custom-elementset-intro>Określ elementy dodawane do profilowanego zbioru elementów. Każdy element musi być identyfikowany poprzez pełną ścieżkę z dokumentu głównego. Te elementy oraz ich potomki będą włączone do odpowiedzi w zapytaniu CSW GetRecord z parametrem ElementSetName=FULL.</custom-elementset-intro>
    <custom-elementset-revert>Aby powrócić do domyślnej odpowiedzi parametru ElementSetName=FULL usuń wszystkie elementy z tej listy.</custom-elementset-revert>
    <custom-elementset-add>Dodaj element</custom-elementset-add>
    <wmslayers>Warstwy WMS</wmslayers>
</strings>
