<?xml version="1.0" encoding="UTF-8"?>

<strings>
	<sourceUser>Edytor źródłowy</sourceUser>
	<targetUser>Edytor docelowy</targetUser>
	<sourceGroup>Grupa źródłowa</sourceGroup>
	<targetGroup>Grupa docelowa</targetGroup>
	<operation>Operacja</operation>
	
	<cannotRetrieve>Nie można uzyskać informacji z serwera</cannotRetrieve>
	<cannotTransfer>Nie można dokonać transferu praw własności</cannotTransfer>
	<noUser>Brak edytora docelowego do transferu praw własności</noUser>

	<transfer>Transfer</transfer>
	<result>Dokonano transferu przywilejów {PRIV} metadanych {MD} </result>
	<noEditors>Brak edytorów ze skojarzonymi metadanymi</noEditors>

</strings>

