{
	"Administrator": "Administrator",
	"all": "wszystko",
	"allInPage": "wszystko na stronie",
	"addToSelection": "Dodać do ...",
	"removeFromSelection": "Usunąć z ...",
	"AnonymousUserlist": "Preferowane rekordy",
	"MapLayerlist": "Dodaj do listy map",
	"basket": "Koszyk",
	"emptyBasket": "Pusty koszyk",
	"searchSelectedRecord": "Wyszukaj rekordy",
	"author": "Autor",
	"advanced": "Zaawansowany",
	"basic": "Podstawowy",
	"none": "odznacz wszystkie",
	"indexNotAvailable": "Obecnie brak dostępnej usługi wyszukiwania!",
	"BadParameterEx": "Niewłaściwy parametr",
	"Editor": "Edytor",
	"Keywords": "Słowa kluczowe",
	"crs": "Układ współrzędnych",
	"custodian": "Opiekun",
	"distributor": "Dystrybutor",
	"search": "Szukaj",
	"METADATA": "Metadane",
	"RegisteredUser": "Zarejestrowany użytkownik",
	"Reviewer": "Recenzent",
	"SUB_TEMPLATE": "Wpis do katalogu",
	"TEMPLATE_OF_SUB_TEMPLATE": "Szablon wpisu do katalogu",
	"TEMPLATE": "Szablon",
	"indexWFSFeatures": "Dane indeksu",
	"reindexWFSFeatures": "Wyczyść i indeksuj dane",
	"docTypeNotIndexed": "Obiekty nie indeksowane.",
	"recordType-y": "Szablon",
	"recordType-n": "Metadane",
	"recordType-s": "Wpis do katalogu",
	"recordType-t": "Szablon wpisu do katalogu",
	"UserAdmin": "Administrator użytkownika",
	"duplicatedValueFound": "Wartość '{{value}}' już istnieje. Wybierz inną.",
	"duplicatedValueFoundHarvesterName": "Nazwa harwestera '{{value}}' już istnieje. Zaleca się wybór innej nazwy.",
	"tooManyItemsInSelection": "Zbyt wiele elementów w selekcji. Maksymalne dozwolone {{maxSize}} elementów.",
	"categories": "Kategorie",
	"learnTheApi": "Dowiedz się, jak korzystać z interfejsu katalogu REST API.",
	"category": "Kategoria",
	"groupOwner": "Grupa",
	"groupPublished": "Opublikowane w tej grupie",
	"indexingError": "Błąd indeksowania",
	"source": "Katalog",
	"addRecordToSelection": "Dodaj do wyboru",
	"removeRecordFromSelection": "Usuń z wyboru",
	"indexRecord": "Indeksuj rekord",
	"indexRecords": "Indeksuj rekordy",
	"previousKeywords": "Poprzedni",
	"previousPage": "Poprzednia strona",
	"nextPage": "Następna strona",
	"chooseImage": "Wybierz lub upuść obraz tutaj",
	"topConcepts": "Najlepsze koncepcje",
	"viewSelectionOnly": "Tylko selekcja",
	"add": "Dodaj",
	"address": "Adres",
	"personal": "Osobisty",
	"gnToggle": "Pokaż/ukryj sekcje",
	"cookieWarning": "Ta strona internetowa korzysta z plików cookie. Jeśli będziesz korzystać z tej strony, zakładamy, że to zaakceptujesz.",
	"moreOnCookie": "Chcesz dowiedzieć się więcej o tej wiadomości?",
	"acceptCookie": "Akceptuj",
	"rejectCookie": "Zabierz mnie stąd",
	"adminConsole": "Konsola administracyjna",
	"loadCapabilitiesLayers": "Załaduj warstwy usług",
	"any": "Pełny tekst",
	"anyPlaceHolder": "Szukaj ...",
	"VALID": "Poprawny",
	"INVALID": "Niepoprawny",
	"clickToFilterOn": "Skup się na",
	"NEVER_CALCULATED": "Nigdy nie zwalidowano",
	"validStatus-1": "Poprawny",
	"validStatus-0": "Niepoprawny",
	"validStatus--1": "Nigdy nie zwalidowano",
	"lastInspireValidationStatus": "Ostatni status walidacji INSPIRE",
	"validInspireStatus--1": "INSPIRE - nigdy nie zwalidowano",
	"validInspireStatus-1": "INSPIRE - status poprawny",
	"validInspireStatus-0": "INSPIRE - status niepoprawny",
	"wfsNoOutputFormats": "Brak formatu wyjściowego w capabilities usługi pobierania.",
	"fre": "Français",
	"roh": "Rumantsch",
	"ara": "عربي",
	"kor": "koreański",
	"by": "za pomocą",
	"cat": "Català",
	"swe": "Svenska",
	"catalog": "katalog",
	"chi": "中文",
	"city": "Miasto",
	"cl_status": "Status",
	"associatedResources": "Powiązane zasoby",
	"brothersAndSisters": "Rodzeństwo",
	"moreInfoOnRecord": "jeszcze ...",
	"comments": "Komentarz",
	"country": "Kraj",
	"validateLinks": "Waliduj linki rekordów",
	"metadataLinksValidated": "Rozpoczęto walidację linków.",
	"validateSelectedRecordConfirm": "Czy naprawdę chcesz zwalidować  {{selectedCount}} wybranych rekordów?",
	"validateLinksSelectedRecordConfirm": "Czy naprawdę chcesz zwalidować linki {{selectedCount}} wybranych rekordów?",
	"validateSelectedRecordINSPIREConfirm": "Czy naprawdę chcesz zwalidować w walidatorze INSPIRE {{selectedCount}} wybranych rekordów?",
	"restoreValueFromHistoryConfirm": "Potwierdź przywrócenie obecnego elementu z historii",
	"regions": "Regiony",
	"gemetKeywords": "Słowa kluczowe GEMET",
	"createAnAccount": "Utwórz konto",
	"createDateYear": "Rok utworzenia",
	"createDateYears": "Lata",
	"dataset": "Zbiór danych",
	"day": "Dzień",
	"deleteRecordConfirm": "Czy naprawdę chcesz usunąć '{{resourceTitle}}'?",
	"deleteSelectedRecordConfirm": "Czy naprawdę chcesz usunąć {{selectedCount}} wybranych rekordów ?",
	"cofirmEditApproved": "Edycja zatwierdzonego rekordu przywróci go do projektu. Czy chcesz kontynuować?",
	"denominators": "Skala",
	"docNotFound": "<strong>Ostrzeżenie!</strong> Strona <a href='{{page }}'>{{page}}</a> nie została znaleziona w dokumentacji.",
	"docPageNotFoundAtUrl": "Strona dokumentacji niedostępna w adresie URL:",
	"dut": "Nederlands",
	"east": "Wschód",
	"addThoseCategories": "Połącz wybrane",
	"replaceByThoseCategories": "Aktualizacja",
	"categoriesBatchAlert": "Podczas aktualizacji kategorii użytkownik może zdecydować się na połączenie nowych kategorii z istniejącymi lub wymienić je.<br/><br/> Kliknięcie <strong>Połącz wybrane </strong> doda (zaznaczone <strong>+< /strong>) lub usunie (zaznaczone <strong>-</strong>) wybrane kategorie.<br/><br/> Kliknięcie <strong> Aktualizacja </strong> usunie kategorie rekordów, a następnie doda (zaznaczone < Strong>+</strong>) lub usunie (zaznaczone <strong>-</strong>) kategorie.",
	"editorBoard": "Dodaj nowy rekord",
	"contribute": "Zarządzanie metadanymi",
	"email": "Email",
	"eng": "angielski",
	"errorEmailAddressAlreadyRegistered": "Adres email jest juz zarejestrowany.",
	"errorIs": "Błąd jest",
	"featureCatalog": "Katalog obiektów",
	"frequency": "Częstotliwość",
	"feebackSent": "Twoja wiadomość została wysłana do zarządzającego katalogiem.",
	"feedbackNotEnable": "Informacja zwrotna nie jest włączona.",
	"filter": "Filtr",
	"filterSearch": "Wyświetl opcje wyszukiwania",
	"fin": "Suomeksi",
	"forgetDetails": "Zapomniałeś o swoich szczegółach?",
	"forgetDetailsInfo": "Użyj odzyskiwania hasła, aby je zresetować.",
	"from": "Od",
	"collapseAllFacet": "Zwiń wszystkie elementy",
	"expandAllFacet": "Rozwiń wszystkie elementy",
	"ger": "Deutsch",
	"groupOwners": "Grupy",
	"hour": "Godzina",
	"inspireThemes": "Tematy INSPIRE",
	"inspireThemesURI": "Tematy INSPIRE",
	"inspiretheme": "Tematy INSPIRE",
	"inspireNotAllowedError": "Nie wolno korzystać z zasobu",
	"inspireNotFoundError": "Nie znaleziono zasobu",
	"inspireServiceError": "Błąd zdalne walidacji: sprawdź adres URL",
	"inspireNotAcceptableError": "Schemat metadanych nie jest obsługiwany",
	"inspirePopupReportTitle": "Raport walidacji INSPIRE",
	"inspirePopupReportText": "Testy walidacji zakończyły się statusem:",
	"inspirePopupReportLink": "Kliknij tutaj, aby uzyskać więcej informacji",
	"notAllowedError": "Nie dozwolony w bieżącym profilu",
	"notFoundError": "Nie znaleziono zasobu",
	"internalServerError": "Wewnętrzny błąd serwera",
	"recordRestored": "Record przywrócony",
	"confirmRestore": "Czy chcesz zastąpić bieżące dane za pomocą wartości zapisanych w wybranym rekordzie?",
	"ita": "Italiano",
	"keyword": "Słowo kluczowe",
	"keywordFilter": "Słowo kluczowe filtru",
	"keywords": "Słowa kluczowe",
	"recordOwner": "Właściciel rekordu",
	"map": "Mapa",
	"makeYourMap": "Mapa",
	"metadataPOCs": "Kontakt w sprawie metadanych",
	"month": "Miesiąc",
	"msgNoCatalogInfo": "Nie można pobrać informacji o katalogu.",
	"msgNoUserInfo": "Nie można odzyskać szczegółów użytkownika.",
	"msgUserAuthenticated": "Użytkownik {{nazwa użytkownika}} uwierzytelniony.",
	"name": "Nazwa",
	"needAnAccount": "Potrzebne konto?",
	"needAnAccountInfo": "Następnie zarejestruj się, zajmuje to tylko minutę.",
	"needHelp": "Potrzebna pomoc",
	"newAccountInfo": "Jeśli jest prośba o konto wysyłany jest email z danymi użytkownika. Jeśli jest prośba o zaawansowany profil użytkownika, administrator katalogu przeanalizuje Twoje żądanie i skontaktuje się z Tobą.",
	"next": "Następny",
	"noFileSelected": "Nie wybrano pliku",
	"noRecordFound": "Nie znaleziono rekordu.",
	"nor": "Norsk",
	"bboxIdentifier": "Identyfikator geograficzny",
	"bboxDescription": "Opis geograficzny",
	"north": "Północ",
	"metadataAuthor": "Rekord utworzony przez użytkownika",
	"zarooResult": "Nie znaleziono wyników!",
	"Clear": "Wyczyść",
	"ClearTitle": "Wyczyść aktualne zapytanie, filtry i sortowania.",
	"hitsPerPage": "Rekordy na stronę",
	"chooseRecordsPerPage": "Kliknij, aby wybrać liczbę rekordów na stronę",
	"sortedBy": "Sortowanie według {{field}}",
	"sortBy-dateStamp": "ostatnie aktualizacje",
	"sortBy-createDate": "nowe rekordy",
	"sortBy-resourceTitleObject.default.keyword": "tytuł",
	"sortBy-relevance": "trafność",
	"sortBy-rating": "ocena",
	"rating": "ocena",
	"popularity": "popularność",
	"sortBy-popularity": "popularność",
	"sortBy-denominatorDesc": "Najpierw mała skala",
	"sortBy-denominatorAsc": "Najpierw duża skala",
	"selected": "wybrany",
	"actionsOnSelection": "Wybierz działanie, które ma zastosowanie do bieżącego wyboru ...",
	"clickToSelect": "Kliknij, aby wyselekcjonować/odznaczyć ...",
	"notifications": "Powiadomienia",
	"orgName": "Kontakt w sprawie zasobu",
	"orgNames": "Kontakt w sprawie zasobum",
	"orgNamesTree": "Kontakt w sprawie zasobu",
	"topicCat": "Temat",
	"topicCats": "Tematy",
	"organisation": "Organizacja",
	"organization": "Organizacja",
	"originator": "Twórca",
	"owner": "Właściciel",
	"atomChooseLayerToAdd": "Wybierz źródło",
	"mapLoadError": "Nie udało się załadować mapy z '{{url}}'.",
	"emptyMapLoadError": "Mapa z '{{url}}' jest pusta.",
	"pointOfContact": "Punkt kontaktowy",
	"processor": "Edytor",
	"principalInvestigator": "Główny badacz",
	"privilegesUpdated": "Uprawnienia zaktualizowane.",
	"privilegesUpdatedError": "Wystąpił błąd podczas aktualizacji uprawnień.",
	"publisher": "Wydawca",
	"password": "Hasło",
	"passwordMinlength": "Hasło musi zawierać co najmniej {{length}} znaków!",
	"passwordNotMatching": "Hasło nie pasuje!",
	"passwordMaxlength": "Hasło musi zawierać co najwyżej {{length}} znaków!",
	"passwordPattern": "Hasło musi zawierać co najmniej 1 dużą literę, 1 małą literę, 1 liczbę i 1 symbol. Symbole obejmują: `~!@$%^&*() -_ =+[] {} \\ |;:'\" ,. <>/?');",
	"passwordOld": "Stare hasło",
	"passwordRepeat": "Powtórz hasło",
	"groupNameMaxlength": "Nazwa grupy nie może przekraczać 32 znaków!",
	"groupDescriptionMaxlength": "Opis grupy nie może przekroczyć 255 znaków!",
	"groupEmailMaxlength": "Email grupy nie może przekroczyć 128 znaków!",
	"pol": "Polski",
	"por": "Рortuguês",
	"poweredBy": "Zasilony przez Geonetwork Opensource",
	"previous": "Poprzedni",
	"profile": "Profil użytkownika",
	"recoverPassword": "Zapomniałeś hasła",
	"register": "Zarejestruj się",
	"rememberMe": "Zapamiętaj mnie",
	"requestedProfile": "Żądany profil",
	"resetPassword": "Zresetuj hasło",
	"resetPasswordTitle": "Reset {{user}} hasło.",
	"resetPasswordError": "Wystąpił błąd podczas resetowania hasła",
	"resourceProvider": "Dostawca zasobu",
	"rus": "Русский",
	"save": "Zapisz",
	"scrollTop": "Przewiń na górę",
	"selectAll": "Wszystko",
	"selectNone": "Nic",
	"send": "Wyślij",
	"startVersioning": "Rozpocznij wersjonowanie",
	"startVersioning-help": "Zapisz historię wersji (beta)",
	"setMetadataGroup": "Zmień grupę metadanych",
	"setMetadataCategories": "Zmień kategorie metadanych",
	"sendAComment": "Wyślij nam komentarz",
	"sendPasswordLinkToMyEmail": "Wyślij link do hasła na mój e -mail",
	"service": "Usługa",
	"serviceType": "Rodzaj usługi",
	"serviceTypes": "Typy usług",
	"signIn": "Zaloguj się",
	"signedInAs": "Zalogowany jako",
	"signout": "Wyloguj się",
	"somethingWrong": "Coś poszło nie tak!",
	"south": "Południe",
	"siblings": "Powiązane zasoby",
	"sourceDatasets": "Źródłowe zbiory danych",
	"isSourceOfDatasets": "Źródło zbioru danych",
	"spa": "Español",
	"spatialRepresentationTypes": "Typy reprezentacji",
	"spatialRepresentationType": "Typ reprezentacji",
	"cl_spatialRepresentationType": "Typ reprezentacji",
	"state": "Państwo",
	"staticMap": "Mapa statyczna",
	"surname": "Nazwisko",
	"title": "Tytuł",
	"to": "Do",
	"on": "na",
	"off": "wyłączony",
	"toggleScrollSpy": "Przełącz przewijanie nawigacji",
	"tur": "Türkçe",
	"types": "Typ zasobów",
	"until": "Aż do",
	"assignCategoryError": "Wystąpił błąd podczas przypisywania kategorii '{{kategoria}}'.",
	"updatePassword": "Aktualizacja",
	"upload": "Przekaż",
	"uuid": "Identyfikator",
	"url": "URL",
	"resetUrl": "Zresetuj adres URL",
	"records": "rekord(y)",
	"responsiblePartyEmail": "Kontakt",
	"call": "Połączenie",
	"pleaseWait": "proszę czekać",
	"weblink": "Linki",
	"downloads": "Pobierz",
	"maps": "Mapy",
	"resetOps": "Resetuj operację",
	"addThoseOperations": "Połącz wybrane",
	"replaceByThoseOperations": "Aktualizacja",
	"spatialExtent": "Zasięg przestrzenny",
	"sessionIsAboutToBeCancelled": "Twoja sesja wkrótce zostanie anulowana!",
	"sessionAlertMsg": "Ostatnie działanie zostało śledzone {{startedAt}}, a twoja sesja wygasa w {{willBeCancelledIn}}s (maksymalny czas braku aktywności wynosi {{length}}s). Powinieneś zapisać swoją pracę, jeśli masz niezapisane zmiany! Jeśli nie, wkrótce zostaniesz odłączony.",
	"sessionWillExpireIn": "Twoja sesja wygasa w {{remainingTime}}s. Zapisz swoją pracę!",
	"sessionIsProbablyCancelled": "Twoja sesja została prawdopodobnie anulowana na serwerze!",
	"sessionAlertDisconnectedMsg": "Ostatnia aktywność została śledzona {{startAt}}, a twoja sesja prawdopodobnie wygasła (maksymalny czas braku aktywności wynosi {{długość}} s). Powinieneś ponownie załadować stronę i sprawdzić, czy sesja wciąż jest otwarta lub zalogować się ponownie!",
	"layersLoading": "Dodawanie warstw do mapy ...",
	"updateStatus": "Aktualizacja statusu rekordu",
	"resourceContact": "Kontakt w sprawie zasobu",
	"taskOwner": "Właściciel zadania",
	"taskDueDate": "Termin",
	"taskCloseDate": "Data zamknięcia",
	"taskMessage": "Wiadomość",
	"restore": "Przywróć",
	"viewPreviousVersion": "Zobacz poprzednią wersję",
	"viewChangedVersion": "Wyświetl zmienioną wersję",
	"triggerTask": "Uruchom zadanie",
	"closeTask": "Zakończ zadanie",
	"enableWorkflow": "Włącz przepływ pracy",
	"recordHistory": "Historia",
	"recordHistory-workflow": "Status przepływu pracy jest teraz {{Text}}.",
	"removeHistoryStep": "Usuń krok",
	"workflowType": "Przepływ pracy",
	"taskType": "Zadanie",
	"eventType": "Wydarzenie",
	"metadataViewLoadError": "Wystąpił błąd podczas ładowania widoku metadanych",
	"metadataStatusUpdatedWithNoErrors": "Zaktualizowany status rekordu.",
	"metadataStatusUpdatedErrors": "Wystąpił błąd podczas aktualizacji statusu",
	"changeCategoryError": "Wystąpił błąd podczas aktualizacji kategorii",
	"statusLogMessage": "Wiadomość",
	"user": "Użytkownik",
	"userDetails": "Dane użytkownika",
	"userPreferences": "Preferencje użytkownika",
	"username": "Nazwa użytkownika",
	"usernameHelp": "Nazwa do użycia po zalogowaniu",
	"processError": "Błąd przetwarzania.",
	"processFinished": "Przetwarzanie zakończone.",
	"processReport-done": "Liczba przetworzonych rekordów",
	"processReportChangedRecords": "Zmienione",
	"processReportErrors": "Rekordy z błędami",
	"processReportFor": "Raport dla procesu:",
	"processReportNoProcessFound": "Rekordy z procesem nie zdefiniowanym w ich standardzie",
	"processReportNotChangedRecords": "Nie zmieniony",
	"processReportNotOwner": "Nie edytowalne rekordy",
	"processReportNullRecords": "Nie znaleziono rekordów",
	"processReportProcessedRecords": "Rekordy przetworzone",
	"processReportUnchangedRecords": "Rekordy niezmienione",
	"processReportTotalRecords": "Rekordy do przetworzenia",
	"recordsProcessed": "rekordy przetworzone",
	"batchediting": "Edycja wsadowa",
	"west": "Zachód",
	"year": "Rok",
	"zip": "ZIP",
	"validate": "Walidacja",
	"validateInspire": "Zdalna walidacja INSPIRE",
	"delete": "Usuń",
	"edit": "Edytuj",
	"duplicate": "Duplikuj",
	"createChild": "Utwórz dziecko",
	"privileges": "Uprawnienia",
	"whoCanAccess": "Kto ma dostęp",
	"actions": "Działania",
	"reset": "Resetuj",
	"stop": "Zatrzymaj",
	"isHarvested": "Harwestowany",
	"isHarvested-1": "Harwestowany",
	"isHarvested-0": "Lokalny",
	"y": "Tak",
	"n": "Nie",
	"yes": "Tak",
	"no": "Nie",
	"publishedForGroup": "Widoczne przez",
	"_op0": "Widoczne przez",
	"mdStatus": "Postęp przepływu pracy",
	"cl_status_text": "Status",
	"_status": "Status",
	"_schema": "Standard",
	"checkCapabilityUrl": "URL {{url}} zwrócił status '{{status}}'. Powinieneś sprawdzić adres URL lub sprawdzić, czy usługa działa.",
	"checkCapabilityUrlUnauthorized": "URL {{url}} zwrócił status '{{status}}'. Oznacza to, że ta usługa wymaga uwierzytelnienia. Spróbuj najpierw się z nią połączyć.",
	"failedToParseCapabilities": "Nie udało się przeanalizować operacji GetCapabilities. Spróbuj ponownie później lub skontaktuj się z usługodawcą.",
	"checkProjectionUrlUnauthorized": "URL {{url}} zwrócił status '{{status}}'. Oznacza to, że ta usługa wymaga uwierzytelnienia. Spróbuj najpierw się z nią połączyć.",
	"checkProjectionUrl": "URL {{url}} zwrócił status '{{status}}'. Sprawdź adres URL i sprawdź, czy usługa jest dostępna online.",
	"failedToParseProjDefinition": "Nie udało się przeanalizować odpowiedzi z definicją odwzorowania. Spróbuj ponownie później, skontaktuj się z usługodawcą lub zgłoś ten problem.",
	"layerIsAlreadyInMap": "Warstwa '{{layer}}' from service '{{url}}' jest już załadowana w bieżącej mapie. Kliknij <a href=\"#map?extent= {{Extent}}&activate={{layer}}\">tutaj, aby powiększyć </a>.",
	"layerStylesAvailable": "Dostępne style warstw:",
	"previewLegend": "Legenda stylu podglądu.",
	"layerWillBeAddedToMapButRecordNotFound": "Rekord z UUID '{{uuid}}' odnoszący się do '{{layer}}' z usługi '{{url}}' nie został znaleziony w katalogu. Warstwa zostanie i tak dodana do mapy i URL metadanych znaleziony w dokumencie capabilities.",
	"layerNotfoundInCapability": "Warstwy '{{layer}}' nie znaleziono w <a href='{{url}}'>{{type}} capabilities</a>. Spróbuj <a href=\"#/map?add=[{%22url%22:%22{{url}}%22,%22Type%22:%22{{type}}%22}]\"> załadować inną warstwę z usługi {{type}} </a>?",
	"layerNotAvailableInMapProj": "Usługa nie zapewnia warstwy w projekcji mapy '{{proj}}'. Warstwa zostanie dodana do mapy, ale może nie być poprawnie wyświetlona.",
	"layerCRSNotFound": "Warstwa nie dostarcza współrzędnych informacji o systemie referencyjnym. Może to być powiązane z wersją WMS niższą niż 1.3.0.",
	"layerTileLoadError": "Coś poszło nie tak podczas ładowania tile <a href='{{url}}' target='_blank'>'{{url | limitTo: 30}} ... '</a> dla warstwy' {{layer}} '.",
	"getCapFailure": "Żądanie WMS GetCapabilities nie powiodło się",
	"standards": "Standard metadanych",
	"documentStandard": "Standard metadanych",
	"metadataTypes": "Typ rekordu",
	"_isTemplate": "Typ rekordu",
	"_isHarvested": "Harwestowany",
	"isTemplatey": "Szablon",
	"isTemplates": "Katalog",
	"isTemplatet": "Szablon wpisu katalogu",
	"isTemplaten": "Rekord",
	"signinFailure": "Niepoprawna nazwa użytkownika lub hasło.",
	"featureType": "Typ obiektu",
	"featureTypeName": "Nazwa",
	"featureDefinition": "Definicja",
	"featureCode": "Kod",
	"featureIsAbstract": "Obiekt abstrakcyjny",
	"featureAliases": "Aliasy",
	"featureAttributeTable": "Tabela atrybutów",
	"attributeName": "Nazwa",
	"attributeDefinition": "Definicja",
	"attributeValues": "Lista wartości",
	"attributeType": "Typ",
	"attributeCode": "Kod",
	"transfertPrivilegesFinished": "Rekordy {{metadata}} przesłane.",
	"valueName": "Nazwa",
	"xmlView": "Widok XML",
	"downloadRecord": "Pobierz rekord",
	"manageRecord": "Zarządzaj rekordem",
	"valueDefinition": "Definicja",
	"toggleNavigation": "Przełącz nawigację",
	"valueCode": "Kod",
	"addRecord": "Dodaj nowy rekord",
	"ImportRecord": "Importuj nowe rekordy",
	"directoryManager": "Zarządzaj katalogiem",
	"typeOfRecord": "Typ rekordu",
	"load": "Załaduj",
	"link-children": "Dzieci",
	"link-parent": "Rodzic",
	"link-hassources": "Jest źródłem zbioru danych",
	"link-sources": "Źródłowe zbiory danych",
	"link-siblings": "Rodzeństwo",
	"link-fcats": "Katalog obiektów",
	"link-associated": "Powiązane zasoby",
	"indexAccessError": "Błąd podczas dostępu do indeksu.",
	"applyFilter": "Zastosuj filtr",
	"confirm": "OK",
	"confirmDialogTitle": "Potwierdź działanie",
	"close": "Zamknij",
	"wpsSelectOutput": "Wybierz wyjście ...",
	"drawGeometry": "Rysuj",
	"modifyGeometry": "Modyfikuj",
	"inputValueRequired": "wymagany",
	"inputValueRequiredError": "W tym polu wymagana jest wartość",
	"inputIsOverloaded": "Ta wartość jest ustawiona w filtrze WFS",
	"insertNewInputValue": "Dodaj wartość dla tego wejścia",
	"profileGraph": "Wykres profilu",
	"_valid": "Poprawność",
	"dateToDate": "do",
	"batchEditing": "Edycja wsadowa",
	"harvesters": "Harwesting",
	"metadatasAndTemplates": "Metadane i szablony",
	"statisticsAndStatus": "Statystyki i status",
	"reports": "Raporty",
	"reportLink": "Zobacz raport",
	"reportGeneration": "Ocena rekordu",
	"classificationSystems": "Systemy klasyfikacyjne",
	"usersAndGroups": "Użytkownicy i grupy",
	"settings": "Ustawienia",
	"tools": "Narzędzia",
	"processesTool": "Użyj procesu WPS",
	"processesToolUrlDiscovery": "URL WPS",
	"addLayersTool": "Dodaj warstwy",
	"layersTool": "Zarządzanie warstwami",
	"filterTool": "Funkcje wyszukiwania i filtrowania",
	"contextsTool": "Zarządzaj mapami",
	"printTool": "Drukuj mapę",
	"legendTool": "Legenda",
	"mInteractionTool": "Pomiary",
	"graticuleTool": "Wyświetl siatki",
	"mousePositionTool": "Pozycja myszy",
	"syncAllLayersTool": "Synchronizuj wyszukiwanie i główną mapę",
	"drawVectorTool": "Mapa adnotacji",
	"collapseAllFacetLabel": "Zwiń",
	"expandAllFacetLabel": "Rozwiń",
	"resultXonY": "na",
	"resolveCaptcha": "Rozwiąż captcha",
	"resolutions": "Rozdzielczość",
	"loginTitle": "Zaloguj się",
	"loginText": "Zaloguj się za pomocą nazwy użytkownika i hasła, aby dodać i edytować metadane.",
	"siteLogo": "Logo",
	"currentStatus": "Ostatni status",
	"languageSwitcher": "Przełącznik języka",
	"userSearchNameMissing": "- brak imienia -",
	"featuredsearch": "Wyszukiwanie wyróżnione",
	"avatar": "Awatar",
	"first": "Pierwszy",
	"createDoiForRecord": "Utwórz DOI dla rekordu",
	"createDoiForRecord-help": "DOI można tworzyć tylko w publicznych rekordach. Po utworzeniu DOI jest powiązany ze stroną docelową dla rekordu, który jest wstawiany do sekcji dystrybucji rekordu.",
	"doiCreationTaskCheckAction": "Sprawdź warunki wstępne",
	"doiCreationTaskCheckAction-help": "Sprawdź, czy rekord można przesłać do Datacite w celu stworzenia DOI. Punkt końcowy Datacite API jest skonfigurowany w ustawieniach katalogu, Datacite wymaga wypełnienia niektórych pól, rekord musi być publiczny i zapewnić konwersję w formacie Datacite.",
	"doiCreationTaskCreateAction": "Utwórz DOI",
	"doiCreationTaskUpdateAction": "Zaktualizuj DOI",
	"doiViewLink": "Sprawdź URL DOI",
	"doi": "DOI",
	"doiCheckExistingMetadata": "Sprawdź dokument metadanych DataCite",
	"doiViewMetadata": "Metadane DataCite",
	"doiCreationTaskCreateAction-help": "Utwórz DOI dla rekordu i zamknij zadanie",
	"editorHome": "Tabela edycji",
	"adminHome": "Streszczenie",
	"allAdmins": "Administratorzy",
	"group": "Grupa",
	"sortLinksBy": "Sortuj według",
	"link-protocol": "Protokół",
	"link-title": "Tytuł",
	"link-lUrl": "Url",
	"showOptions": "Pokaż opcje",
	"projectionSwitcher": "Przełącznik odwzorowania",
	"projection": "Ozwzorowanie",
	"listTypeBlocks": "Przełącz na zablokowaną listę",
	"listTypeLarge": "Przełącz na dużą listę",
	"listTypeSmall": "Przełącz się na małą listę",
	"layersWithWhiteSpaces": "Niektóre warstwy na tej mapie zawierają spacjew nazwie. Warstwy ze spacjami mogą nie być odpowiednio drukowane.",
	"unselected": "nie zaznaczone",
	"indexingTaskUndefined": "Nieznane zadanie indeksowania (stan nieprawidłowy)",
	"indexingTaskRunning": "Indeksowanie {{total}} rekordów ...",
	"indexingTaskFinished": "Indeksowanie zakończone, przetworzono {{total}} rekordów",
	"indexingTaskFinishedWithErrors": "Indeksowanie zakończone, {{total}} rekordów przetwarzono z {{errors}} błędami",
	"indexingTaskCanceled": "Indeksowanie anulowane",
	"inspireValidationTaskUndefined": "Nieznane zadanie walidacji INSPIRE (stan nieprawidłowy)",
	"inspireValidationTaskRunning": "Walidacja INSPIRE {{Total}} rekordów ...",
	"inspireValidationTaskFinished": "Inspire walidacja zakończona, przetworzono {{total}} rekordów",
	"inspireValidationTaskFinishedWithErrors": "Walidacja INSPIRE zakończona, przetworzono {{total}} rekordów z {{errors}} błędami",
	"inspireValidationTaskCanceled": "Walidacja INSPIRE anulowana",
	"taskUndefined": "Nieznany stan (stan nieprawidłowy)",
	"taskProbable": "Prawdopodobny stan",
	"analyseRecordRunning": "{{total}} rekordów do analizy ...",
	"analyseRecordFinished": "Analiza zakończona, przetworzono {{total}} rekordów",
	"analyseRecordFinishedWithErrors": "Analiza zakończona, przetworzono {{total}} rekordów z {{errors}} błędami",
	"testLinkRunning": "{{Total}} Linki do testowania ...",
	"testLinkFinished": "Testowanie linków zakończone, przetestowano {{total}} linków",
	"mdStatus-0": "Nieznany",
	"mdStatus-1": "Projekt",
	"mdStatus-2": "Zatwierdzony",
	"mdStatus-3": "Na emeryturze",
	"mdStatus-4": "Złożony",
	"mdStatus-5": "Odrzucony",
	"mdStatus-21": "Zatwierdzony kopią roboczą",
	"mdStatus-24": "Zatwierdzony z przesłaniem kopii roboczej",
	"mdStatusTitle-41": "Anuluj złożone zatwierdzenie",
	"mdStatusTitle-31": "Przywróć rekord do statusu projektu",
	"mdStatusTitle-42": "Zatwierdź metadane",
	"mdStatusTitle-12": "Bezpośrednio zatwierdź metadane",
	"mdStatusTitle-33": "Wycofaj metadane",
	"mdStatusTitle-14": "Przedłóż do oceny",
	"mdStatusTitle-411": "Odrzuć złożone zatwierdzenie",
	"mdStatusButton-1": "Przedłóż",
	"mdStatusButton-2": "Zatwierdź",
	"mdStatusButton-3": "Wycofaj",
	"mdStatusButton-4": "Przedłóż",
	"cancel": "Anuluj",
	"workflow": "Przepływ pracy",
	"metadataPublished": "Metadane opublikowane.",
	"metadataPublishedError": "Wystąpił błąd podczas publikowania metadanych.",
	"metadataUnpublished": "Metadane niepublikowane.",
	"metadataUnpublishedError": "Wystąpił błąd podczas wycofywania metadanych z publikacji.",
	"categoriesUpdated": "Kategorie zaktualizowane.",
	"warnPublishDraft": "Podczas publikowania rekordów z włączonym przepływem pracy status zmieni się na 'Zatwierdzony'. Jesteś pewien, że chcesz kontynuować?",
	"cancelWorkingCopy": "Anuluj kopię roboczą",
	"deleteWorkingCopyRecordConfirm": "Czy naprawdę chcesz usunąć kopię roboczą '{{tytuł}}'?",
	"workingCopy": "Kopia robocza",
	"onTheWeb": "Więcej informacji online",
	"pdfReportTocTitle": "Zawartość",
	"metadataValidated": "Metadane zwalidowane.",
	"wmtsLayerNoUsableMatrixSet": "Nie można było dodać warstwy WMTS. Może to być spowodowane tym, że żadne z odwzorowań w usłudze nie pasuje do odwzorowań aplikacji.",
	"chooseRegion": "Wybierz region",
	"clickToDrawABox": "Kliknij raz, aby włączyć kontrolę i narysuj prostokąt. Kliknij ponownie, aby przestać rysować.",
	"drawRectangle": "Narysuj zasięg",
	"clickToClearMapBox": "Kliknij, aby wyczyścić obszar mapy.",
	"clearRectangle": "Wyczyść zasięg",
	"unselectChoiceNotAllowedTitle": "Odznacz wybór",
	"unselectChoiceNotAllowed": "Nie można usunąć niektórych opcji: {{notAllowedChoices}}",
	"searchOptions": "Opcje wyszukiwania",
	"options": "Opcje",
	"metadataInfoReport": "Informacje o metadanych",
	"metadataErrorReport": "Błędy metadanych",
	"copyToClipboard": "Skopiuj tekst do schowka",
	"textCopied": "Tekst został skopiowany do schowka.",
	"metadataApproved": "Metadane zwalidowane.",
	"batchApproveTitle": "Zatwierdzenie wsadowe metadanych",
	"batchApproveInfo": "Ta opcja zatwierdza wybrane metadane należące do użytkownika. Domyślnie tylko metadane w przesłanym statusie są zatwierdzone, wybierz opcję poniżej, aby bezpośrednio zatwierdzić metadane, które nie są w przesłanym statusie.",
	"batchApproveDirect": "Zatwierdź metadane bez konieczności przesyłania statusu",
	"facet-mdStatus": "Postęp przepływu pracy "
}