{
	"featureCatReplace": "Zastąpić istniejący katalog obiektów?",
	"add-extent-from-geokeywords": "Wyznacz zasięg ze słów kluczowych",
	"add-extent-from-geokeywords-help": "Szukaj wszystkich słów kluczowych ze słownika typu 'miejsce' i dodaj odpowiadający zasięg.",
	"addCRS-help": "Dodaj nowy CRS",
	"contactId": "Identyfikator kontaktu",
	"contactSetForMetadata": "Kontakt w sprawie metadanych",
	"contactSetForResource": "Kontakt dotyczący zasobów",
	"contactReplace": "Zastąp istniejący kontakt",
	"contactRole": "Rola kontaktu",
	"addConcept": "Dodaj pojęcie do listy słów kluczowych",
	"moveToTopConcept": "Wyświetl najlepsze pojęcie",
	"addContact": "Dodaj kontakt",
	"addContactAsLink-help": "Dodaj link do kontaktu w katalogu kontaktów. Kontakt zostanie zaktualizowany, jeśli zostanie zaktualizowany w katalogu.",
	"addContactAsText-help": "Tryb domyślny. Dodaj kontakt do rekordu.",
	"addContactUsingXLink": "Dodaj kontakt (z użyciem XLink)",
	"addFromDictionnary": "Dodaj ze słownika",
	"addFromEPSGdb": "Dodaj z bazy danych EPSG",
	"addFromThesaurus": "Wybierz słowa kluczowe ze słownika",
	"addKeywordNotFromThesaurus": "Dodaj nowe słowa kluczowe",
	"addKeywordNotFromThesaurusHelp": "Dodaj słowo kluczowe jako dowolny tekst. Wypełnij te informacje tylko wtedy, gdy nie znajdziesz odpowiednich słów kluczowych w zaproponowanym słowniku.",
	"addLinks": "Dodaj linki",
	"addOnlinesrc": "Dodaj zasoby online",
	"updateOnlinesrc": "Aktualizuj link",
	"addOnlinesrcTitle": "Link do zasobów online",
	"addThumbnail": "Dodaj miniaturę",
	"addThumbnailTitle": "Dodaj miniaturę do aktualnych metadanych",
	"allChangesCanceled": "Wszystkie zmiany anulowane.",
	"allChangesSaved": "Wszystkie zmiany zapisane",
	"allLanguage": "Wszystko",
	"allLanguage-help": "Wyświetl wszystkie języki",
	"applySuggestion": "Zastosuj sugestię",
	"assignToCatalog": "Przypisz do aktualnego katalogu",
	"assignToCategory": "Przypisz do kategorii",
	"assignToGroup": "Przypisz do grupy",
	"associationType": "Typ powiązania",
	"chooseContactRole": "Wybierz rolę kontaktu",
	"chooseEntry": "Wyszukaj katalog",
	"clickToAddResource": "Kliknij, aby wybrać ten zasób",
	"externalResourceManagement": "Kliknij, aby przejść do zewnętrznego zarządzania zasobami",
	"beforeUnloadEditor": "Możesz mieć niezapisane zmiany od ostatniego zapisu {{timeAgo}}.",
	"fieldIsRemoved": "To pole zostanie usunięty",
	"editRecords": "Edytuj selekcję",
	"removeField": "Usuń to pole",
	"addXpath-help": "Aktualizacja rekordów za pomocą XPath wymaga dokładnej definicji zmian. Zmiana jest zdefiniowana przez:",
	"addXpathTitle": "opcjonalny tytuł",
	"addXpathXpath": "obowiązkowy <a href='http://xmlfr.org/w3c/TR/xpath/'>XPath</a> do wskazania elementu (ów) do aktualizacji. XPath może zawierać wyrażenie filtrujące.",
	"addXpathInsertMode": "typ aktualizacji",
	"xpath": "XPath",
	"xpathValue": "Wartość tekstowa lub XML",
	"gn_create": "Utwórz element",
	"gn_add": "Dodaj element lub wartość (w pierwszym odpowiadającym rodzicu) lub utwórz je",
	"gn_replace": "Zastąp element lub wartość (w pierwszym odpowiadającym rodzicu)",
	"gn_delete": "Usuń wszystkie pasujące elementy",
	"addXpathValue": "wartość, która może być wycinkiem XML, jeśli tryb nie jest 'usuwanie'",
	"chooseASet": "1. Wybierz zbiór rekordów",
	"defineEdits": "2. Zdefiniuj edycje",
	"confirmAndSave": "3. Zastosuj zmiany",
	"replaceColumns": "Zastąp istniejące kolumny",
	"columnListAsCsv": "Lista kolumn jako tekst",
	"columnListSeparator": "Separator pól",
	"column": "Kolumna",
	"processNotFound": "Nie znaleziono procesu",
	"replaceListOfValues": "Zastąp istniejącą listę wartości",
	"listOfValuesAsCsv": "Lista wartości jako tekst",
	"listOfValuesSeparator": "Separator pól",
	"changesToApply": "Zmiany do zastosowania:",
	"resetChanges": "Zresetuj zmiany",
	"createSetFromSearch": "Wyszukaj i wybierz rekordy lub ",
	"chooseAnExistingSet": "wybierz predefiniowany zestaw",
	"chooseASetOfRecordHelp": "Wybierz jeden lub więcej rekordów przed definicją elementów do aktualizacji. Proponowane są tylko rekordy, które można edytować.",
	"defineEditsHelp": "W zależności od typu wybranych rekordów, lista pól, które można zaktualizować, może ulec zmianie. Podczas edycji obowiązkowego pola, takiego jak tytuł, pole jest zaktualizowane. Podczas edycji pola, które może zawierać wiele wartości, nowa wartość jest dodawana.",
	"recordsInSelection": " rekord (y) w selekcji.",
	"displaySelectionOnly": "Zobacz tylko wyselekcjonowane",
	"aboutToUpdateTheFollowing": "Następujące rekordy zostaną zaktualizowane:",
	"updateDateStamp": "Aktualizuj datę modyfikacji w dokumencie metadanych (na przykład gmd:dateStamp dla ISO 19139)",
	"resetSearchToDisplayAll": "Kliknij, aby wyświetlić wybrane rekordy. Użyj reset, aby wyświetlić wszystkie.",
	"availableSet": "Dostępny zbiór",
	"noChangesToApply": "Najpierw zdefiniuj zmiany, aby zaktualizować wybrane rekordy.",
	"selectRecordsToEdit": "Wybierz jeden lub więcej rekordów do edycji.",
	"tooManyRecordInSelForSearch": "Istnieje zbyt wiele (tj. {{count}}) rekordów w bieżącej selekcji aby wyświetlić je jako pełna lista. Ae proces będzie działać na bieżącej selekcji (patrz pierwsza zakładka).",
	"advancedBatchEditMode": "Tryb XPath",
	"cancel": "Anuluj",
	"cancelChangesFromNow": "Anuluj wszystkie zmiany od początku sesji edycji {{timeAgo}}.",
	"cancelling": "Anulowanie...",
	"chooseZeroOrMoreLayer": "Opcjonalnie wybierz jeden lub więcej warstw z usługi do dodania w dystrybucji:",
	"chooseZeroOrMoreLayerFromService": "Wybierz warstwę opublikowaną w tej usłudze odpowiadającą wybranemu rekordowi:",
	"serviceContainsManyUrl": "Wybierz <strong>jeden</strong> URL z <strong>{{count}}</strong> dostarczonych przez",
	"searchAservice": "Wybierz usługę z katalogu",
	"searchAnApplication": "Wybierz aplikację z katalogu",
	"check": "Sprawdź",
	"value": "Wartość",
	"unit": "Jednostka",
	"linkToServiceWithoutURLError": "W tej usłudze nie znajduje się adresu URL WMS. Wybierz usługę z adresem URL WMS, aby móc wybrać warstwę.",
	"linkToServiceError": "Błąd wystąpił podczas łączenia zestawu danych z usługą",
	"chooseAProj": "Wybierz projekcję do wyświetlania współrzędnych (zwróć uwagę: współrzędne są zawsze zapisywane w rejestrze metadanych w WGS84).",
	"chooseAType": "Wybierz typ",
	"chooseOnlinesrc": "Wybierz lub upuść zasób tutaj",
	"closeEditor": "Zapisz i zamknij",
	"conceptBroader": " jest bardziej ogólna niż",
	"conceptNarrower": " jest bardziej specyficzny niż",
	"conceptRelated": " jest związany z",
	"continent": "Kontynent",
	"copyPaste": "Kopiuj/Wklej",
	"country": "Państwo",
	"createA": "Utwórz nowy rekord",
	"createChildOf": "Utwórz rekord dziecka",
	"createCopyOf": "Utwórz kopię",
	"createMetadata": "Utwórz",
	"createMetadataError": "Utwórz błąd metadanych",
	"createMetadataForGroup": "Tworzenie i publikacja dla redaktorów grupowych",
	"createMetadataForGroup-help": "Rekord będzie edytowalny przez wszystkich członków grupy",
	"createMetadataUniformResourceName": "Jednolita nazwa zasobu metadanych",
	"createNewMetadata": "Dodaj nowe rekordy",
	"createSmall": "Utwórz małe",
	"cantAddLinkToDataset": "Nie można dodać linku do docelowego zbioru danych. Prawdopodobnie nie można edytować tego rekordu. Aktualizuje tylko usługę.",
	"current": "aktualne",
	"datasetFound": "Zbiór danych odnaleziono i dodano do widoku mapy",
	"datasetNotFound": "Zbiór danych nie znaleziono - 404",
	"datasets": "Zbiory danych",
	"dateMode": "Data lub czas i czas",
	"description": "Opis",
	"directory": "Ścieżka do katalogu",
	"directoryEntries": "Wpisy",
	"error": "Błąd",
	"errors": "Błąd (Błędy)",
	"serviceDetachedToCurrentRecord": "Usługa oderwana od bieżącego rekordu",
	"featureCatalog": "Katalog obiektów",
	"file": "Plik",
	"fileType": "Typ pliku",
	"fromTemplate": "Od",
	"esriRestServiceUrl": "ESRI REST URL",
	"generateUUID": "Generuj UUID dla dodanych metadanych",
	"geopublisher": "Publikuj jako WMS, WFS, WCS",
	"gmd:CI_ResponsibleParty": "Organizacje i kontakty",
	"cit:CI_Responsibility": "Organizacje i kontakty (ISO19115-3)",
	"mdq:DQ_AbsoluteExternalPositionalAccuracy": "Zewnętrzna dokładność położenia",
	"mdq:DQ_DomainConsistency": "Spójność dziedziny",
	"mrd:MD_Format": "Formaty",
	"gmd:MD_Format": "Formaty",
	"gmd:EX_Extent": "Zasięg",
	"gex:EX_Extent": "Zasięg",
	"mcc:MD_BrowseGraphic": "Logo",
	"gmd:MD_Distribution": "Zasoby online",
	"mco:MD_Constraints": "Ograniczenia",
	"mco:MD_LegalConstraints": "Ograniczenia prawne",
	"mco:MD_SecurityConstraints": "Ograniczenia bezpieczeństwa",
	"hasFeatureCatalog": "Korzystanie z tego katalogu obiektów",
	"importCPResult": "Jeden rekord zaimportowany. Identyfikator rekordu: {{id}} <br/> UUID: {{uuid}}.",
	"importEntry": "Importuj wpis do katalogu",
	"importFromDir": "Importuj zestaw plików z katalogu na serwerze",
	"importFromDirReport": "{{success}}/{{records}} rekord(y) pomyślnie zaimportowane  w {{time}} sekund.",
	"importRecords": "Importuj",
	"importReport": "Importuj raport",
	"unsupportedFileExtension": "Obsługiwane są tylko pliki z rozszerzeniami XML, ZIP lub MEF.",
	"inGroup": "W",
	"initiativeType": "Typ inicjatywy",
	"keywordInsertMode": "Wprowadź słowa kluczowe jako",
	"linkService": "Usługa połączenia do metadanych",
	"linkToDataset": "Link do zbioru danych",
	"linkToDatasetTitle": "Połącz zbiór danych z bieżącymi metadanymi",
	"linkToFeatureCatalog": "Link do katalogu obiektów",
	"linkToFeatureCatalogTitle": "Połącz katalog obiektów z aktualnymi metadanymi",
	"linkToParent": "Link do rodzica",
	"linkToParentTitle": "Połącz rekord metadanych rodzica z bieżącymi metadanymi",
	"linkToService": "Link do usługi",
	"linkToServiceTitle": "Połącz usługę z bieżącymi metadanymi",
	"linkToSibling": "Link do innych zasobów",
	"linkToSiblingTitle": "Połącz zasób z bieżącymi metadanymi",
	"linkToSource": "Link do źródłowego zbioru danych",
	"linkToSourceTitle": "Połacz źródłowy zbiór danych z bieżącymi metadanymi",
	"linkUrl": "URL do usunięcia",
	"fileStore": "Repozytorium metadanych",
	"openResource": "Otwarty zasób",
	"linkMetadata": "Połącz metadane",
	"setResourceStatus": "Zmień status zasobów. To nie aktualizuje odniesień, które mogą być zawarte w dokumencie metadanych.",
	"resourceUploadError": "Błąd przy ładowaniu zasobów",
	"deleteResource": "Usuń zasób. To nie usuwa odniesień, które mogą być zawarte w dokuemncie metadanych.",
	"makeConceptCurrent": "Uczyń tę koncepcję jako bieżącą",
	"mefFile": "MEF",
	"metadataContent": "Zawartość metadanych",
	"metadataNotFound": "Ostrzeżenie! Nie znaleziono wymaganych metadanych z id {{id}}. <a href='#/create'>Utwórz nowe ?</a>",
	"metadataType": "Typ rekordu",
	"hasDqMeasures": "Z pomiarami jakości",
	"generateThumbnail": "Generuj miniaturę",
	"generateThumbnail-help": "Miniatura zostanie utworzona i zapisana w repozytorium plików. Skorzystaj z repozytorium plików, aby dodać miniaturę do rekordu metadanych.",
	"createAThumbnail": "Generuj miniaturę za pomocą usługi przeglądania",
	"noLayersForThumbnail": "Nie ma warstwy zdefiniowanej w rekordzie do generowania miniatur z",
	"noTemplatesAvailable": "Ostrzeżenie! W katalogu nie ma dostępnych szablonów. Należy dodać lub <a href='admin.console#/metadata'>importować</a> niektóre.",
	"none": "Nie",
	"notFoundInThesaurus": "<strong>Ostrzeżenie! Słowa kluczowe {{invalid}} nie zostały znalezione w słowniku.</strong> Inne {{found}} zostały znalezione w słowniku. 2 powody: <ul><li>Słowa kluczowe w tym rekordzie są w języku, który nie jest w bieżącym języku interfejsu użytkownika</li><li>Słowa kluczowe nie istnieją w słowniku</li></ul><strong>Te słowa kluczowe nie zostaną zmienione przez tę sesję edycji</strong> chyba że usuniesz tą sekcję słownika.",
	"ocean": "Ocean",
	"isPublishedToAll": "Publiczny",
	"oneLanguage": "Jeden",
	"oneLanguage-help": "Wybierz jeden język do edycji za pomocą selektora",
	"onlinesrc": "Zasoby online",
	"removeOnlinesrcConfirm": "Czy naprawdę chcesz usunąć link do '{{url}}'?",
	"removeThumbnailConfirm": "Czy naprawdę chcesz usunąć miniaturę '{{url}}'?",
	"removeFileFromStoreConfirm": "Czy naprawdę chcesz usunąć '{{url}}' z repozytorium plików? To nie usunie odniesień do tego pliku w rekordzie metadanych. Należy zaktualizować rekord manualnie.",
	"onlineChooseDocType": "Połącz",
	"onlineDiscover": "Odkryj zasoby",
	"onlineDiscoverThumbnail": "Miniatura pełnego zasobu lub podzbioru",
	"onlineDiscoverThumbnail-help": "Zdjęcie statyczne opisujące zasób",
	"onlineDiscoverInApp": "Aplikacja wykorzystująca zasób",
	"onlineDiscoverInApp-help": "np.Przeglądarka map tematycznych korzystająca z tego zasobu",
	"onlineDiscoverMap": "Mapa zasobów",
	"onlineDiscoverWMS": "Usługa przeglądania WMS",
	"onlineDiscoverWMS-help": "URL usługi WMS do wykorzystania w programie GIS lub innej aplikacji",
	"onlineDiscoverINSPIREView": "Usługa przeglądania INSPIRE",
	"onlineDiscoverINSPIREView-help": "Usługa WMS zgodna z wytycznymi technicznymi INSPIRE dotyczącymi usług przeglądania",
	"onlineDiscoverWMTS": "Usługa przeglądania WMTS",
	"onlineDiscoverWMTS-help": "URL usługi WMTS do wykorzystania w programie GIS lub innej aplikacji obsługującej wstępnie zrenderowane kafle mapy z georeferencją w Internecie",
	"onlineDiscoverArcGIS": "Usługa przeglądania ArcGIS",
	"onlineDiscoverArcGISTiled": "Usługa przeglądania ArcGIS (w postaci kafli)",
	"onlineDiscoverArcGIS-help": "URL usługi ArcGIS do wykorzystania w programie GIS lub innej aplikacji",
	"onlineDiscoverKML": "Podgląd KML",
	"onlineDiscoverKML-help": "Plik KML lub KMZ do wykorzystania w aplikacjach Google do wyświetlania danych",
	"localNetwork": "Dostęp do zasobów (lokalna sieć)",
	"localNetworkVectorFile": "Plik wektorowy",
	"localNetworkRasterFile": "Plik rastrowy",
	"localNetworkDBOracle": "Oracle",
	"localNetworkDBPostgis": "PostGIS",
	"onlineDownload": "Dostęp do zasobów",
	"onlineDownloadKML": "Pobierz jako KML",
	"onlineDownloadKML-help": "Plik KML lub KMZ do wykorzystania w aplikacjach Google do pobierania danych",
	"onlineDownloadFile": "Pobierz kopię",
	"onlineDownloadWWW": "Pobierz ze strony internetowej",
	"onlineDownloadWFS": "Usługa pobierania WFS",
	"onlineDownloadINSPIRE": "Usługa pobierania INSPIRE",
	"onlineDownloadINSPIREATOM": "Pobierz usługą Atom",
	"onlineDownloadWCS": "Usługa pobierania WCS",
	"onlineUse": "Użyj zasobu",
	"onlineUseFcats": "Model danych zasobu",
	"onlineUseFcats-help": "Model danych (lub katalog obiektów) może być opisany bezpośrednio w rekordzie metadanych za pomocą zakładki zawartości lub poprzez utworzenie stąd linku do dokumentu (np. pdf).",
	"onlineUseDQReport": "Raport jakości danych",
	"onlineUseDQTOR": "Specyfikacja jakości danych",
	"onlineUseDQProdReport": "Raport jakości produkcji danych",
	"onlineUseLegend": "Legenda dla zasobu",
	"onlineUseLegendLYR": "Styl dla zasobu dla ArcGIS (LYR)",
	"onlineUseStyleSLD": "Styl dla zasobu za pomocą SLD",
	"onlineUseStyleQML": "Styl dla zasobu dla QGIS",
	"onlineUseLimitation": "Ograniczenie korzystania",
	"onlineAccessLimitation": "Ograniczenie dostępu",
	"onlinesrcUploadHelp": "Przeciągnij i upuść jeden zasób tutaj",
	"onlineMore": "Więcej informacji",
	"onlineMoreWWW": "Strona internetowa o zasobach",
	"onlineMoreFile": "Dokument dotyczący zasobu",
	"onlyErrors": "Pokaż tylko błędy",
	"areYouSureToAddALinkWithError": "Obecny adres URL nie może być odzyskany przez katalog (może to być problem z proxy katalogu). Należy sprawdzić link ręcznie przed dodaniem go do rekordu?",
	"addLinkAnyway": "Dodaj link tak czy owak",
	"updateLinkAnyway": "Aktualizuj link tak czy owak",
	"onlineFunction": "Funkcja",
	"applicationProfile": "Profil aplikacji",
	"fileStoreNoFileMatching": "Nie znaleziono pliku dopasowanego do filtra ({{filter}}). Załaduj jeden jeśli to konieczne.",
	"other": "Inne",
	"onlineResourceName": "Nazwa zasobów",
	"protocol": "Protokół",
	"runServiceError": "Wystąpił błąd podczas wywoływania usługi",
	"overwriteFile": "Nadpisz plik, jeśli istnieje",
	"overview": "Miniatura",
	"overviews": "Miniatury",
	"overwrite": "Nadpisz metadane z tym samym UUID",
	"parentMd": "Metadane rodzica",
	"print_layout": "Układ",
	"print_scale": "Skala",
	"process": "Proces",
	"publish": "Publikuj",
	"publishIn": "Publikuj <strong>{{layer}}</strong> w",
	"publishSuccess": "Opublikowano pomyślanie. Warstwa dodana do podglądu mapy",
	"recommendedValues": "Zalecane wartości",
	"recursive": "Szukaj także w podkatalogach",
	"resetKeywordsAnyway": "Usuń wszystkie słowa kluczowe",
	"resetInvalidKeywords": "Usuń tylko nie znalezione słowa kluczowe",
	"saveAtimeAgo": "Ostatnia edycja była {{timeAgo}}.",
	"saveMetadataError": "Błąd podczas zapisywania metadanych. Należy ponownie załadować edytor.",
	"saveMetadataSuccess": "Wszystkie zmiany zostały zapisane.",
	"saveMetadata": "Zapisz metadane",
	"saveDraft": "Zapisz wersję roboczą",
	"draftCanNoBeATemplateOrMinorEdit": "Wersja robocza nie może być szablonem i nie może używać trybu pomniejszej edycji.",
	"saveTemplate": "Zapisz szablon",
	"saveAsMetadata": "Zapisz jako metadane",
	"saveAsTemplate": "Zapisz jako wzorzec",
	"saveAndApprove": "Zapisz i zatwierdź",
	"saveAndSubmit": "Zapisz i wyślij",
	"saving": "Zapisywanie...",
	"schematron-rules-geonetwork": "Rekomendacje",
	"schematron-rules-inspire": "Zasady INSPIRE",
	"schematron-rules-iso": "Zasady ISO",
	"searchACRS": " lub szukaj układu współrzędnych...",
	"searchAreport": "Wyszukaj raportu jakości...",
	"searchAlogo": "Wyszukaj logo...",
	"searchAextent": "Wyszukaj zasięg...",
	"searchAresourceConstraints": "Wyszukaj informacji o ograniczeniach...",
	"searchAconstraint": "Wyszukaj ograniczenia...",
	"searchAcontact": "Wyszukaj kontakt...",
	"searchAnOrganisation": "Wyszukaj organizację...",
	"searchAformat": "Wyszukaj format...",
	"setAndReplaceExtent": "Zastąp istniejący zasięg",
	"setCRS": "Ustaw układ współrzędnych",
	"setDynamicGraphicOverview": "Ustaw podgląd graficzny (z użyciem adresu URL żądania GetMap)",
	"setExtent": "Ustaw zasięg",
	"share": "Podziel się",
	"share-help": "Określ, kto może oglądać ten rekord",
	"sharingSettings": "Udostępnianie ustawień",
	"singleFile": "XML",
	"suggestions": "Sugestie",
	"removeThumbnail": "Usuń miniaturę",
	"thumbnailMaker": "Utwórz miniaturę",
	"thumbnailMaker-help": "Wszystkie warstwy WMS zarejestrowane w rekordzie metadanych są dodawane do mapy. Wybierz układ, skalę, powiększenie dla obszaru zainteresowania, aby wygenerować miniaturę.",
	"to-iso19139-keyword": "tekst (rekomendowany)",
	"to-iso19139-keyword-as-xlink": "link",
	"to-iso19139-keyword-as-xlink-help": "Przydatne do tworzenia połączenia między rekordem i słownikiem. Atrybut xlink:href jest dodany do elementu gmd:descriptiveKeywords.",
	"to-iso19139-keyword-help": "Tryb domyslny. Wprowadź słowa kluczowe jako prosty tekst za pomocą elementu gco:CharacterString.",
	"to-iso19139-keyword-with-anchor": "element kotwiczący",
	"to-iso19139-keyword-with-anchor-help": "Przydatne dla posiadania hiperłącza do słowa kluczowego, które jest zazwyczaj identyfikatorem słowa kluczowego. Element gmx:Anchor jest używany dla każdego słowa kluczowego.",
	"to-iso19115-3.2018-keyword": "tekst",
	"to-iso19115-3.2018-keyword-as-xlink": "link",
	"to-iso19115-3.2018-keyword-as-xlink-help": "Przydatne do tworzenia połączenia między rekordem a słownikiem. Atrybut xlink:href jest dodany do elementu gmd:descriptiveKeywords.",
	"to-iso19115-3.2018-keyword-help": "Tryb domyślny. Wprowadź słowa kluczowe jako prosty tekst za pomocą elementu gco:CharacterString.",
	"to-iso19115-3.2018-keyword-with-anchor": "element kotwiczący",
	"to-iso19115-3.2018-keyword-with-anchor-help": "Przydatne do posiadania hiperłącza do słowa kluczowego, który jest zazwyczaj identyfikatorem słowa kluczowego. Element gcx:Anchor jest używany dla każdego słowa kluczowego.",
	"toggleAttributes": "Więcej szczegółów",
	"toggleTooltips": "Podpowiedzi",
	"unknownType": "Inne",
	"unpublish": "Wycofaj z publikacji",
	"unpublishSuccess": "Wycofanie z publikacji się powiodło",
	"unsupportedSchemaAlert": "Metadane <strong>{{title}}</strong> wykorzystują standard <strong>{{schema}}</strong>. To nie jest obsługiwane przez edytor. <a href='#'>Wróć do tabeli edycji</a>.",
	"uploadFile": "Pobierz plik z komputera",
	"uuidAction": "Przetwarzanie identyfikatora rekordu",
	"validate-help": "Sprawdź rekordy w zakresie standardowych zasad walidacji",
	"validate-inspire": "Walidacja INSPIRE",
	"validate-inspire-help": "Sprawdź rekordy w zakresie zasad walidacji INSPIRE",
	"validationReport": "Walidacja",
	"runValidation": "Uruchom sprawdzanie walidacji",
	"validationServiceError": "Błąd serwera",
	"validationServiceErrorDetail": "Proszę sprawdzić pliki logi serwera, aby uzyskać więcej informacji.",
	"fixedOnTop": "Zawsze na górze",
	"whoCanAccess": "Kto ma dostęp",
	"wmsServiceUrl": "Usługa URL",
	"xmlSnippet": "Wycinek XML",
	"xsltToApply": "Zastosuj konwersję XSLT",
	"yearAndMonthMode": "Rok i miesiąc",
	"yearMode": "Tylko rok",
	"uploadFileByUrl": "Załaduj plik z URL",
	"noFileSelected": "Wybierz plik do załadowania!",
	"yourMetadata": "Twoje metadane",
	"searchKeyword": "Wyszukiwanie...",
	"searchTopicCategory": "Wyszukiwanie...",
	"searchOrTypeKeyword": "Napisz lub wyszukaj...",
	"tagsAllowed": " etykieta(y) dozwolona",
	"suggestionListError": "Oops, coś poszło nie tak przy pobieraniu sugestii!",
	"showHideErrors": "Pokaż / ukryj błędy",
	"showHideSuccess": "Pokaż / ukryj udane operacje",
	"chooseAFragment": "Wybierz element do dodania",
	"chooseASourceRecord": "Wybierz rekord źródłowy, aby dodać element z",
	"sourceRecord": "Rekord źródłowy",
	"deleteField": "Usuń to pole",
	"deleteFieldSet": "Usuń ten zestaw pól",
	"toggleSection": "Przełącznik rozwiń/zwiń",
	"editorBoardInfo": "Utwórz lub importuj nowe rekordy z tej strony. Szybki dostęp i zarządzanie wszystkimi rekordami metadanych.",
	"minorEditHelp": "Nie zaktualizuj znaku czasu przy zapisie",
	"minorEdit": "Pomniejsza edycja",
	"notEvaluated": "Nie oceniane",
	"notConformant": "Nie zgodne",
	"capabilitiesParseError": "Błąd analizy WMS capabilities",
	"conformant": "Zgodne",
	"currentConcept": "Koncepcja bieżąca",
	"parentConcept": "Koncepcja rodzica",
	"moreSpecificConcept": "Bardziej szczegółowe koncepcje",
	"associatedConcept": "Pojęcia powiązane",
	"xsd": "Walidacja schematu",
	"youAreNotMemberOfAnyGroup": "Nie jesteś edytorem żadnych grup, więc nie możesz tworzyć nowych rekordów. Poproś administratora katalogu o ustawienie roli edytora w co najmniej jednej grupie.",
	"linkToXmlTab": "Niektóre rodzaje błędów można naprawić za pomocą <a href=\"#/metadata/{{metadataId}}?tab=xml\">XML editor</a>.",
	"directoryManagerSubtitle": "Ten ekran umożliwia edytowanie wpisów katalogu, takich jak kontakty, formaty itp. w tym zarządzanie szablonami.",
	"directoryManagerSubtitleImport": "Wprowadź tutaj pełną zawartość wpisu XML, aby importować go do bazy danych.",
	"directoryManagerError": "Błąd przy importowaniu pełnego XML",
	"directoryEntryTypes": "Typy wpisu",
	"directoryTemplates": "Szablony",
	"addNewDirectoryEntry": "Dodaj nowy wpis",
	"addNewDirectoryTemplate": "Utwórz szablon",
	"directoryEntryFromScratch": "Utwórz wpis od podstaw",
	"directoryEntryInfo": "Właściciel: {{ownerName}}, zaktualizowany {{updateDate}}",
	"directoryEntryPermissions": "Uprawnienia",
	"directoryEntryValidate": "Waliduj",
	"directoryEntryReject": "Odrzuć",
	"directoryEntryToTemplate": "Konwertuj do szablonu",
	"directoryEntryAssociatedMetadata": "Powiązane metadane",
	"directoryEntryEditor": "Edytor wpisu",
	"directoryEntryEditing": "Aktualnie edytowane:",
	"directoryManagerMode-newEntry": "Nowy wpis",
	"directoryManagerMode-editEntry": "Edytuj wpis",
	"directoryManagerMode-newTemplate": "Nowy szablon",
	"directoryManagerMode-editTemplate": "Edytuj szablon",
	"notADirectoryEntry": "Tylko wpisy katalogowe mogą być przekształcone w szablony",
	"notADirectoryEntryTemplate": "Ten wpis nie jest szablonem wpisu katalogowego.",
	"saveAsDirectoryEntry": "Zapisz jako wpis katalogowy",
	"confirmDeleteEntry": "Czy jesteś pewien, że chcesz usunąć ten wpis?",
	"filterBy": "Filtruj przez...",
	"selectFormatAndProjection": "Wybierz format i odwzorowanie",
	"inputGeometryText": "Wprowadzenie tekstu geometrii",
	"inputGeometryIsValid": "Wprowadzona geometria jest poprawna i jest teraz widoczna na mapie.",
	"inputGeometryIsInvalid": "Znaleziono błąd w geometrii wejściowej:",
	"inputGeometryHint": "Wklej geometrię tutaj w wybranym formacie i odwzorowaniu.",
	"inputGeometryReadOnlyHint": "Ta geometria jest tylko do oodczytu.",
	"selectKeyword": "Dodaj słowa kluczowe",
	"saveLinkToSibling": "Zapisz link do innych zasobów",
	"addTheFollowingLinkInDataset": "Dodaj następujący link do zbioru danych (jak źródło online w sekcji dystrybucji):",
	"confirmCloseInvalidTitle": "Potwierdź zamknięcie edytora",
	"confirmCloseInvalidMetadata": "Bieżące metadane są nieprawidłowe. Zamknięcie edytora spowoduje, że zostaną cofnięte z publikacji (można to zmienić w ustawieniach aplikacji).<br><br>Czy jesteś pewien, że chcesz kontynuować?",
	"hotkeyDirectory": "Zarządzaj katalogami (np. kontaktów)",
	"hotkeyImportRecord": "Importuj nowe rekordy",
	"hotkeyAddRecord": "Dodaj nowe rekordy",
	"hotkeyBatchEdit": "Edycja wsadowa",
	"hotkeyEditorBoard": "Tabela edycji",
	"cancelMetadataError": "Błąd, proszę przeładować stronę",
	"showMessages": "Pokaż wiadomości:",
	"hotkeyAccessManager": "Zarządzaj prawami dostępu",
	"searchByTitle": "Filtry według tytułu",
	"accessManagerTitle": "Prawa dostępu według rekordów",
	"accessManagerChooseGroups": "Wybierz jedną lub więcej grup",
	"accessManagerChooseOperations": "Wybierz jeden lub więcej typów operacji",
	"status-no-status": "Przepływ pracy nie jest aktywny",
	"badGmlProjectionCode": "Odwzorowanie <b>{{srsName}}</b> zdefiniowane w XML nie jest poprawne. Proszę edytuj XML, aby poprawić nazwę SRS lub wprowadzić nowe odwzorowanie.",
	"draft": "Kopia robocza",
	"link": "Link",
	"link-text": "Tekst linku",
	"confirmCancelEdit": "Chcesz anulować wszystkie zmiany i zamknąć edytor?",
	"allowEditGroupMembers": "Zezwól edytorom grupowym na edycje",
	"wmsSelectedLayers": "Wybrane warstwy",
	"wmsSelectedLayersNone": "Brak wybranych warstw"
}