{
    "dropFile": "Wystarczy",
    "facets.block.title.OrgForResource": "Organizacja",
    "facets.block.title.availableInServices": "Dostępne dla",
    "facets.block.title.cl_hierarchyLevel.key": "Rodzaj zasobów",
    "facets.block.title.cl_maintenanceAndUpdateFrequency.key": "Częstotliwość aktualizacji",
    "facets.block.title.cl_spatialRepresentationType.key": "Reprezentacja przestrzenna",
    "facets.block.title.cl_status.key": "Status",
    "facets.block.title.creationYearForResource": "Rok utworzenia",
    "facets.block.title.resolutionScaleDenominator": "Skala",
    "facets.block.title.tag": "Słowa kluczowe",
    "facets.block.title.tag.default": "Etykieta",
    "facets.block.title.th_regions_tree.default": "Regiony",
    "nav.back": "Powrót",
    "record.action.download": "Pobierz",
    "record.action.view": "Widok",
    "record.more.details": "Czytaj więcej",
    "records": "rekordy",
    "results.layout.selectOne": "Układ wyników",
    "results.records.hits.found": "{hits, plural, =0{Żadne dokumenty nie pasują do podanego wyszukiwania.} jeden{} w{{hits} rekordów znalezionych.}}",
    "results.records.hits.empty.help.html": "Wskazówki: <ul class='list-disc list-inside'><li>Spróbuj inne słowa</li><li>Sprecyzuj mniej słów</li></ul>",
    "results.sortBy.dateStamp": "Ostatnie aktualizacje",
    "results.sortBy.popularity": "Popularność",
    "results.sortBy.relevancy": "Trafność",
    "search.field.any.placeholder": "Wyszukiwanie zestawów danych, usług i map...",
    "search.field.sortBy": "Sortowane przez",
    "search.loading": "Ładowanie..."
}
