{
	"rate": "Ocena",
	"clickToRate": "Kliknij aby ocenić",
	"source": "Katalog(i)",
	"title": "Tytuł",
	"abstract": "Streszczenie",
	"topiccat": "Temat(y)",
	"contact": "Kontakt",
	"identifier": "Identyfikator zasobów",
	"drawAnExtentToFilter": "Narysuj zasięg aby zastosować filtr przestrzenny.",
	"clickToRemoveSpatialFilter": "Narysuj nowy zasięg na mapie lub kliknij, aby usunąć filtr przestrzenny.",
	"chooseSpatialFilterType": "Wybierz typ wyszukiwania przestrzennego (np. przecięcie, wewnątrz).",
	"openLargeMap": "Otwarta przeglądarka map",
	"type": "Typ",
	"noDataInCatalog": "Katalog w chwili obecnej nie zawiera żadnych informacji. Zarejestruj się, a następnie załaduj próbki, harwestuj lub importuj rekordy.",
	"archive": "Archiwum",
	"archiveincluded": "Włącz archiwum",
	"archiveexcluded": "Wyłącz archiwum",
	"archiveonly": "Tylko archiwum",
	"What": "Co?",
	"downloadAllIn": "Pobierz wszystkie",
	"downloadInCurrentMapExtent": "... lub tylko z obecnego widoku",
	"downloadFeature": "Pobierz",
	"opacity": "Nieprzezroczystość",
	"filterData": "Filtruj dane",
	"When": "Kiedy?",
	"Where": "Gdzie?",
	"recordType": "Typ rekordu?",
	"searchPlaces": "Wyszukiwanie miejsca",
	"switchFrom2DTo3D": "Przełącz z 2D do 3D",
	"bbox": "bbox",
	"backgroundMap": "Mapa podkładowa:",
	"checkIfDataIsDownloadableFromWfs": "Dostępne usługi pobierania?",
	"checkIfDataIsDownloadableFromWfsHelp": "Sprawdź, czy ta warstwa jest dostępna za pomocą usługi WFS. Jeśli tak, to wymień dostępne formaty pobierania zgodnie z definicją w funkcjach usługi.",
	"saveMap": "Zapisz mapę",
	"downloadContext": "Pobierz aktualną mapę jako",
	"saveMapAsContext": "Kontekst OGC (XML)",
	"saveMapAsImage": "Zdjęcie PNG",
	"saveMapInCatalog": "Zapisz aktualną mapę w katalogu",
	"saveMapInCatalogAction": "Zapisz jako rekord metadanych",
	"saveInCatalogAndPublish-help": "Utwórz rekord metadanych i opublikuj go.",
	"saveMapInCatalogActionAndPublish": "Zapisz jako rekord publiczny",
	"mapSavedInCatalog": "<a href='#/metadata/{{uuid}}'>Przeglądarka rekordów metadadanych</a>.",
	"mapAbstract": "Mapa abstrakcyjna",
	"loadAMap": "Pobierz mapę",
	"noMaps": "Nie znaleziono map",
	"topMaps": "Najnowsze mapy",
	"uploadContext": "Z pliku",
	"resetContext": "Domyślne mapy",
	"kmlContext": "Format KML",
	"displayHeatMap": "Pokaż mapę ciepła",
	"removeFeatures": "Usuń obiekty",
	"refresh": "Odświeżanie",
	"mapLegend": "Legenda",
	"kmlFile": "{{layer}} (KML)",
	"noRecordFoundWithResourceRegistered": "Nie znaleziono żadnych rekordów z jedną lub więcej zarejestrowanych warstw WMS.",
	"noRecordFoundWithResourceRegisteredmap": "Nie znaleziono żadnych rekordów z jedną lub kilkoma zarejestrowanymi mapami.",
	"tmsLinkDetails": "Ten zbiór danych jest publikowany w usłudze przeglądania (TMS) dostępnym pod adresem <a href='{{url}}' target='_blank'>{{url}}</a> z identyfikatorem <strong>{{layer}}</strong>.",
	"esri:restLinkDetails": "Usługa ESRI REST <a href='{{url}}' cel='_blank'>{{url}}</a>.",
	"wmsLinkDetails": "Ten zbiór danych jest publikowany w usłudze przeglądania (WMS) dostępnej pod adresem <a href='{{url}}' target='_blank'>{{url}}</a> z nazwą warstwy <strong>{{layer}}</strong>.",
	"wmsServiceLinkDetails": "Ten zbiór danych jest publikowany w usłudze przeglądania (WMS) dostępnej pod adresem <a href='{{url}}' target='_blank'>{{url}}</a>.",
	"wmtsLinkDetails": "Ten zbiór danych jest publikowany w usłudze przeglądania (WMTS) dostępnej pod adresem <a href='{{url}}' target='_blank'>{{url}}</a> z identyfikatorem <strong>{{layer}}</strong>.",
	"wmtsServiceLinkDetails": "Ten zbiór danych jest publikowany w usłudze przeglądania (WMTS) dostępnej pod adresem <a href='{{url}}' target='_blank'>{{url}}</a>.",
	"wfsLinkDetails": "Ten zbiór danych jest publikowany w usłudze pobierania (WFS) dostępnej pod adresem <a href='{{url}}' target='_blank'>{{url}}</a> z nazwą warstwy <strong>{{layer}}</strong>.",
	"wfsServiceLinkDetails": "Ten zbiór danych jest publikowany w usłudze pobierania (WFS) dostępnej pod adresem <a href='{{url}}' target='_blank'>{{url}}</a>.",
	"wcsLinkDetails": "Ten zbiór danych jest publikowany w usłudze pobierania (WCS) dostępnej pod adresem <a href='{{url}}' target='_blank'>{{url}}</a> z nazwą warstwy <strong>{{layer}}</strong>.",
	"sosLinkDetails": "Ten zbiór danych jest publikowany w usłudze obserwacji czujników (SOS) dostępnej pod adresem <a href='{{url}}' target='_blank'>{{url}}</a> z nazwą <strong>{{layer}}</strong>.",
	"atomDatasetsInFeed": "Dostępne dane",
	"atomLinkDetails": "Ten zbiór danych jest publikowany w Atom Feed dostępnym pod adresem <a href='{{url}}' target='_blank'>{{url}}</a> z nazwą <strong>{{layer}}</strong>.",
	"otherLinkDetails": "Inne zasoby :",
	"qualityLinkDetails": "Raport jakości",
	"featurecatalogueLinkDetails": "Katalog obiektów",
	"legendLinkDetails": "Legenda",
	"wmsCapabilitiesNotAvailable": "Nie można sprawdzić odpowiedzi GetCapabilities",
	"wmsLayerNotAvailable": "Warstwa {{layerName}} nie jest dostępna w usłudze WMS. Jednak można przeglądnąć jedną z dostępnych",
	"wmsChooseLayerToAdd": "Wybierz warstwę do dodania do mapy",
	"wmtsCapabilitiesNotAvailable": "Nie można sprawdzić odpowiedzi GetCapabilities",
	"wmtsLayerNotAvailable": "Warstwa {{layerName}} nie jest dostępna w usłudze WMTS. Jednak można przeglądnąć jedną z dostępnych",
	"wmtsChooseLayerToAdd": "Wybierz warstwę do dodania do mapy",
	"wfsCapabilitiesNotAvailable": "Nie można sprawdzić odpowiedzi GetCapabilities",
	"wfsLayerNotAvailable": "Typ funkcji {{layerName}} nie jest dostępny w usłudze WFS. Jednak można przeglądnąć jedną z dostępnych",
	"wfsChooseLayerToAdd": "Wybierz typ obiektu, aby dodać do mapy",
	"wcsCapabilitiesNotAvailable": "Nie można sprawdzić odpowiedzi GetCapabilities",
	"wcsLayerNotAvailable": "Pokrycie {{layerName}} nie jest dostępne w usłudze WCS. Jednak można przeglądnąć jedno z dostępnych",
	"wcsChooseLayerToAdd": "Wybierz okładkę, aby dodać do mapy",
	"Unable_to_connect_to_service": "Brak możliwości połączenia z usługą",
	"databaseLayerDetails": "Ten zbiór danych jest publikowany w bazie danych <strong>{{url}}</strong> w tabeli <strong>{{layer}}</strong>.",
	"fileLayerDetails": "{{name}}. Ten zbiór danych jest dostępny w lokalnej sieci <strong>{{url}}</strong>.",
	"wfsNotAvailable": "<a href='{{url}}' target='_blank'>WFS</a> nie jest dostępny.",
	"wfsFeatureNotIndexed": "Typ funkcji <em>{{wfsUrl}}#{{featureTypeName}}</em> nie został indeksowany.",
	"indexNotRunning": "Indeks nie jest dostępny",
	"addToMap": "Dodaj do mapy",
	"addToMaponlinesrc": "Dodaj do mapy",
	"addServiceLayersToMaponlinesrc": "Dodaj warstwę usługi do mapy",
	"viewLayerInExternalViewer": "Podgląd warstwy w przeglądarce zewnętrznej",
	"mapLinkonlinesrc": "Pobierz mapę",
	"openRecord": "Podgląd rekordów",
	"openRecordhasfeaturecat": "Rekord powiązany",
	"openRecordfcat": "Katalog obiektów",
	"openRecordparent": "Rekord rodzica",
	"openRecordsources": "Źródło danych",
	"openRecordchildren": "Rekord dziecka",
	"openRecordsibling": "Źródła powiązane",
	"openRecordassociated": "Źródła powiązane",
	"openPageonlinesrc": "Otwarty link",
	"openRecordhassource": "Rekord powiązany",
	"openRecordservices": "Powiązana usługa",
	"openRecorddatasets": "Powiązany zbiór danych",
	"downloadonlinesrc": "Pobierz",
	"fileLinkonlinesrc": "Pobierz",
	"openPage": "Otwarty link",
	"defaultView": "Widok domyślny",
	"full": "Widok pełny",
	"securityConstraints": "Ograniczenia bezpieczeństwa",
	"versionIdentifier": "Identyfikator wersji",
	"otherConstraints": "Inne ograniczenia",
	"resourceConstraints": "Ograniczenia zasobów",
	"maintenanceAndUpdateFrequencies": "Częstotliwość aktualizacji",
	"legalConstraints": "Ograniczenia prawne",
	"scale": "Skala",
	"resolution": "Rozdzielczość",
	"credit": "Uczestnictwo",
	"classification": "Klasyfikacja",
	"resourceStatus": "Status",
	"webserviceLinkonlinesrc": "Otwarta usługa",
	"AU": "Jednostki administracyjne",
	"drawOnMap": "Rysuj na mapie",
	"advancedForm": "Pokaż zaawansowane opcje",
	"simpleForm": "Ukryj zaawansowane opcje",
	"restrictArea": "Ograniczenie obszaru wyszukiwania do",
	"layer": "warstwa",
	"nolayer": "Brak warstwy",
	"layers": "warstwy",
	"layerAdded": "Warstwa '{{layer}}' dodana do mapy. Kliknij <a href=\"#map?extent={{extent}}\"> tutaj, aby powiększyć do zasięgu warstwy</a>.",
	"layerAddedNoExtent": "Do mapy dodano warstwę '{{layer}}'.",
	"localLayerFile": "{{layer}} (local file)",
	"mostPopular": "Najpopularniejsze",
	"mapImportFailure": "Nie udało się zaimportować warstwy",
	"recentChanges": "Ostatnie zmiany",
	"homeTitle": "Wyszukiwanie geodanych i geoserwisów",
	"download": "Pobierz",
	"visualize": "Widok",
	"template": "Wzorzec",
	"valid": "Poprawny",
	"toEdit": "Do edycji",
	"toPublish": "Do publikacji",
	"format": "Format",
	"anyValue": "- Wszelkie -",
	"unchecked": "Nie zaznaczone",
	"createDate": "Utworzone",
	"changeDate": "Zmodyfikowane",
	"links": "Linki",
	"publish": "Publikuj",
	"unpublish": "Wycofaj publikację",
	"View": "Widok",
	"Other": "Inne",
	"export": "Eksport",
	"exportXML": "Eksport ( XML )",
	"exportcheXML": "Eksport ( XML )",
	"exportGM03": "Eksport (GM03)",
	"exportRDF": "Eksport ( RDF )",
	"exportCSV": "Eksport ( CSV )",
	"exportPDF": "Eksport (PDF)",
	"exportMEF": "Eksport ( ZIP )",
	"welcomeText": "Tutaj znajdziesz dane, usługi, mapy i więcej.",
	"searchOver": "Szukaj <strong>{{records}}</strong> zbiorów danych, usług i map,...",
	"browseBy": "Szukaj według",
	"browseTopics": "Przegladaj tematy",
	"browseTypes": "Przegladaj zasobów",
	"versionDetails": "Zasilony przez GeoNetwork <span class='gn-version'>{{platform}} {{version}}.{{subversion}}</span>",
	"lastRecords": "Najnowsze wiadomości",
	"preferredRecords": "Najpopularniejsze",
	"about": "GeoNetwork",
	"twitter": "Twitter",
	"github": "GitHub",
	"viewMore": "Więcej",
	"listOfCategories": "Kategorie",
	"formats": "Formaty",
	"addLayers": "Dodaj warstwy",
	"serviceUrl": "https://...",
	"serviceUrlLabel": "Usługa URL",
	"CurrentLayers": "Warstwy",
	"SearchLayer": "Wyszukaj",
	"addLayerFromMaps": "Mapy",
	"addLayerFromServices": "Usługi",
	"addLayerFromFiles": "Pliki",
	"chooseAservice": "Wybierz usługę",
	"chooseAserviceHelp": "Wszystkie usługi zarejestrowane w katalogu są przedstawione tutaj.",
	"orTypeAServiceUrl": "Wpisz {{type}} URL usługi",
	"addAllLayersToMap": "Dodaj wszystkie {{number}} warstwy do mapy",
	"downloadsAndResources": "Pobrania i linki",
	"sourceCatalog": "Dostarczony przez",
	"tempExtent": "Okres czasowy",
	"more": "więcej",
	"less": "mniej",
	"overview": "Podgląd",
	"chooseAView": "Tryb wyświetlania",
	"metadataContact": "Kontakt w sprawie metadanych",
	"metadataRemoved": "{{title}} usunięty.",
	"extent": "Zasięg przestrzenny",
	"aboutThisResource": "O tym zasobie",
	"preview": "Przegląd",
	"metadataInformation": "Informacje o metadanych",
	"backTosearch": "Powrót do wyszukiwania",
	"backTomap": "Powrót do mapy",
	"backTohome": "Powrót do strony głównej",
	"shareOn": "Podziel się w serwisach społecznościowych",
	"updatedOn": "Aktualizacja :",
	"license": "Licencja",
	"constraints": "Ograniczenia",
	"technicalInformation": "Informacje techniczne",
	"publicationDate": "Data publikacji",
	"creationDate": "Data utworzenia",
	"revisionDate": "Data przeglądu",
	"tempExtentBegin": "Okres",
	"updateFrequency": "Częstotliwość aktualizacji",
	"quality": "Jakość",
	"lineage": "Źródła danych",
	"identification": "Identyfikacja",
	"metadata": "Metadane",
	"mdLanguage": "Język metadanych",
	"mdContact": "Punkt kontaktowy metadanych",
	"parentIdentifier": "Identyfikator rodzica metadanych",
	"distributor": "Dystrybutor",
	"sourceDataset": "Źródło danych",
	"metadataInXML": "Pobierz metadane",
	"language": "Język",
	"metadataLanguage": "Język metadanych",
	"sendMail": "Wyślij e-mail",
	"newOwner": "Nowy właściciel",
	"updateCategories": "Aktualizuj kategorie",
	"updatePrivileges": "Aktualizuj uprawnienia",
	"exportSummary": "Podsumowanie eksportu",
	"mdNew": "Nowe metadane",
	"mdImport": "Importuj metadane",
	"hotkeySortBy": "Następna opcja sortowania",
	"hotkeyHome": "Strona główna",
	"hotkeyFocusToSearch": "Skoncentruj się na wyszukaniu danych wejściowych i zacznij pisać!",
	"hotkeySearchTheCatalog": "Uruchomienie wyszukiwania",
	"hotkeyMap": "Zrób swoją mapę!",
	"hotkeyFirstPage": "Przejdź na pierwszą stronę",
	"hotkeyPreviousPage": "Przejdź do poprzedniej strony",
	"hotkeyNextPage": "Przejdź na następną stronę",
	"hotkeyLastPage": "Przejdź do ostatniej strony",
	"hotkeySelectAll": "Wybierz wszystkie wyniki wyszukiwania",
	"hotkeySelectAllInPage": "Wybierz wszystko na bieżącej stronie",
	"hotkeyUnSelectAll": "Odznacz wszystkie rekordy",
	"clickToSelectYear": "Kliknij na pasek, aby wybrać rok",
	"what": "Co?",
	"when": "Kiedy?",
	"where": "Gdzie?",
	"resourcesCreatedTheLast": "<strong>Zasoby</strong> utworzone w ostatnim",
	"recordsCreatedTheLast": "<strong>Rekordy</strong> utworzone w ostatnim",
	"today": "dziś",
	"yesterday": "wczoraj",
	"thisWeek": "ten tydzień",
	"thisMonth": "ten miesiąc",
	"last3Months": "w ostatnich 3 miesiącach",
	"last6Months": "w ostatnich 6 miesięcach",
	"thisYear": "ten rok",
	"publishComplete": "Publikuj raport",
	"unpublishComplete": "Wycofaj publikację raportu",
	"mdPublished": "Metadane opublikowane ",
	"mdUnpublished": "Metadane nieopublikowane",
	"mdUnmodified": "Metadane  niezmodyfikowane",
	"mdDisallowed": "Metadane ograniczone",
	"mdNovalid": "Metadane niepoprawne",
	"metadataUnchanged": "Metadane nie zmodyfikowane",
	"accessRestricted": "Nie masz praw do zmiany tych metadanych",
	"copiedToClip": "Tekst skopiowany schowka!",
	"Layers": "Warstwy",
	"ManageLayers": "Zarządzanie warstwami",
	"Contexts": "Mapy",
	"Print": "Drukuj",
	"PrintTheMap": "Drukuj aktualną mapę",
	"print_layout": "Layout",
	"print_scale": "Skala",
	"print_format": "Format",
	"ZoomToMapMaxExtent": "Powiększ do początkowego zasięgu mapy",
	"ZoomToYourLocation": "Powiększ do Twojej lokalizacji",
	"Auto": "Auto",
	"Measure": "Pomierz",
	"measure_instruction": "Narysuj linię na mapie i znajdź jej długość w tym panelu",
	"Annotations": "Adnotacje",
	"Zoom": "Powiększanie",
	"ZoomOut": "Pomniejsz",
	"ZoomIn": "Powiększ",
	"toggleMiniMap": "Wyświetl / ukryj mapę",
	"Localisation": "Lokalizacja",
	"ThemeLayers": "Warstwy tematyczne",
	"AddALayer": "Dodaj warstwę od",
	"LayerWMS": "WMS",
	"LayerWFS": "WFS",
	"LayerWMTS": "WMTS",
	"LayerWCS": "Warstwa WCS",
	"LayerSOS": "Warstwa SOS",
	"LayerKML": "KML",
	"mapFileName": "mapa",
	"mapTitle": "Tytuł mapy",
	"mapComment": "Opis lub uczestnictwo",
	"LayerJSON": "Plik JSON",
	"LayerRSS": "Usługa GeoRSS",
	"LayerAtom": "Usługa Atom",
	"LayerGML": "Plik GML",
	"MapContexts": "Mapy",
	"Measures": "Pomiary",
	"BackgroundLayers": "Warstwy podkładu",
	"terrainProvider": "Teren:",
	"terrainProvider-none": "Płaski teren",
	"terrainProvider-default": "Domyślny teren",
	"Point": "Punkt",
	"Polygon": "Poligon",
	"Linestring": "Linia",
	"Text": "Tekst",
	"tipDrawText": "Wpisz tekst i upuść go na mapę",
	"Modify": "Modyfikuj",
	"Remove": "Usuń",
	"drawInstruction": "Wybierz typ, narysuj obiekt. Kliknij dwukrotnie, aby zakończyć linię lub poligon. Tekst można wstawić w polu tekstowym, a następnie dodać do mapy, klikając na mapę",
	"help": "Pomoc",
	"textFillColor": "Kolor wypełnienia",
	"textStrokeColor": "Kolor obrysu",
	"textStrokeWidth": "Grubość obrysu",
	"textWidth": "Wielkość",
	"textFont": "Czcionka",
	"textContent": "Tekst do wyświetlenia",
	"drawFillColor": "Kolor wypełnienia",
	"drawStrokeColor": "Kolor obrysu",
	"drawWidth": "Grubość",
	"drawRadius": "Promień",
	"drawColor": "Kolor",
	"red": "czerwony",
	"orange": "pomarańczowy",
	"blue": "niebieski",
	"white": "biały",
	"black": "czarny",
	"yellow": "żółty",
	"green": "zielony",
	"pink": "różowy",
	"brown": "brązowy",
	"purple": "fioletowy",
	"gray": "szary",
	"Results": "Wyniki",
	"Legend": "Legenda",
	"otherKeywords": "Inne słowa kluczowe",
	"isValid": "Walidacja statusu",
	"isValidInspire": "Status walidacji (INSPIRE)",
	"Attribution": "Przypisanie",
	"layerDelete": "Usuń warstwę",
	"layerMetadata": "Metadane",
	"layerVisible": "Widoczne",
	"layerMoveDown": "Przenieś warstwę w dół",
	"layerMoveUp": "Przenieś warstwę w górę",
	"layerExtentZoom": "Powiększ do warstwy",
	"maxExtentZoom": "Powiększ do maksymalnego zasięgu",
	"layerInfo": "Informacje o warstwie",
	"Locations": "Lokalizacje",
	"clear": "wyczyść",
	"msgCanDropFileOnMap": "Zauważ, że można również umieścić plik na mapie",
	"UploadKMZfile": "Pobierz plik KMZ",
	"or": "lub",
	"KMLfileURL": "URL pliku KML",
	"refineSearch": "Wyczyść wyszukiwanie",
	"backToList": "Powrót do listy",
	"privilegesBatchAlert": "<span class='text-danger'>Uprawnienia zostaną zaktualizowane dla wszystkich zapisów edytowalnych w wyborze. Formularz z uprawnieniami jest pusty i nie odzwierciedla aktualnych uprawnienień wybranych rekordów! Uprawnienia są ponownie ustawione i zastępione przez nowe.</span><br/><br/>Kliknięcie na <strong>Połącz wybrane</strong> doda (zaznaczony <strong>+</strong>) lub usunie (zaznaczony <strong>-</strong>) wybrane uprawnienia.<br/><br/>Klikając na <strong>Zastąp przez wybrany</strong> usunie kategorie rekordów i następnie doda (zaznaczone <strong>+</strong>) lub usunie (zaznaczone <strong>-</strong>) wybrane uprawnienia.",
	"permalink": "Link bezpośredni",
	"permalinkTo": "Link bezpośredni do {{title}}",
	"shareOnTwitter": "Podziel się na Twitterze",
	"shareOnFacebook": "Podziel się na Facebooku",
	"shareOnLinkedIn": "Podziel się na LinkedIn",
	"shareByEmail": "Podziel się przez e-mail",
	"zoomto": "Powiększ do",
	"recordNotFound": "Rekord z identyfikatorem <strong>{{uuid}}</strong> nie został znaleziony lub nie jest Tobie udostępniony. Spróbuj <a href=\"catalog.signin?redirect={{url}}\">zarejestrować się w</a> jeśli masz konto.",
	"intersectWith": "przecina się",
	"fullyOutsideOf": "zupełnie poza",
	"encloses": "zawiera",
	"within": "wewnątrz",
	"within_bbox": "wewnątrz",
	"transferOwnership": "Przeniesienie własności",
	"selectNewOwner": "Wybierz nowego właściciela",
	"selectGroup": "Wybierz grupę",
	"loadUsersError": "Błąd ładowania użytkowników",
	"loadUserGroupsError": "Błąd ładowania grupy użytkowników",
	"transferOwnershipError": "Błąd przeniesienia własności metadanych",
	"transferOwnershipSuccessMsg": "<h4>Udało się przekazać metadane nowemu właścicielowi.</h4><dl class=\"dl-horizontal\"><dt>Transferowany:</dt><dd>{{done}}</dd><dt>Nie posiadający właściciela:</dt><dd>{{notOwner}}</dd><dt>Nie znaleziono:</dt><dd>{{notFound}}</dd></dl>",
	"filterGroup": "Grupa filtrów...",
	"wpsLoadingProcessDescription": "Opis procesu ładowania...",
	"wpsDescribeProcessFailed": "Opis procesu nie powiódł się",
	"wpsExecute": "Wykonaj",
	"wpsExecuteFailed": "Wykonanie nie powiodło się",
	"wpsErrorCodeReturned": "Serwer zwrócił kod statusu",
	"time": "Czas",
	"features": "obiekt(y)",
	"noUsers": "Żaden użytkownik",
	"downloadLayer": "Pobierz dane",
	"featureCount": "Liczba obiektów",
	"fbContact": "Kontakt",
	"fbName": "Nazwa",
	"fbFunction": "Funkcja",
	"fbOrganization": "Organizacja",
	"fbPhone": "Telefon",
	"fbEmail": "E-mail",
	"fbFeedback": "Informacja zwrotna",
	"fbCategory": "Kategoria",
	"fbComments": "Komentarze",
	"fbQuestion": "Pytanie",
	"fbError": "Błąd",
	"fbCatMetadataContents": "Zawartość metadanych",
	"fbCatDataContents": "Zawartość danych",
	"fbCatServiceContents": "Usługa zawartości",
	"fbCatSupport": "Wsparcie",
	"fbCatMapViewer": "Przeglądarka",
	"fbCatSearch": "Wyszukaj",
	"fbCatOrganizations": "Organizacje",
	"fbCatContentManagement": "Zarządzanie zawartością",
	"fbCatMetadataImport": "Import metadanych",
	"fbCatMetadataEditing": "Edycja metadanych",
	"fbCatHarvesting": "Harwesting",
	"fbCatValidator": "Walidator",
	"fbCatOthers": "Inne",
	"fbSendTo": "Wyślij do",
	"syncAllLayers": "Synchronizuj wszystkie warstwy (lub tylko warstwy podkładu) między przeglądarką mapy a przeglądarką wyszukiwania",
	"mdvalid": "Metadane są poprawne",
	"mdinvalid": "Metadane są niepoprawne",
	"mdinvalidcantpublish": "Nieprawidłowe metadane nie mogą być publikowane",
	"mdnovalidation": "Metadane nie posiadają informacji o walidacji",
	"setall": "Ustaw wszystkie uprawnienia",
	"print_legend": "Legenda",
	"print_legend_field": "Zawiera legendy",
	"landscape": "Krajobraz",
	"overviewPrintTemplate": "Podgląd",
	"portrait": "Portret",
	"wfsDownloadDataInstruction": "Wybierz format danych do pobrania:",
	"wfsTypenameNotAvailable": "Typ obiektu '{{typename}}' nie jest dostępny w usłudze WFS. Można wybrać z dostępnych typów obiektów",
	"wfsChooseFeatureTypeToDownload": "Wybierz typ obiektu do pobrania",
	"wpsGetCapError": "Błąd podczas analizowania WPS capabilities:",
	"wpsByUrl": "Procesy wyszukiwania",
	"wpsRecent": "Ostatnie procesy",
	"selection.indexing.count": "Rozpoczęło się indeksowanie dla {{count}} wybranych rekordów.",
	"selection.indexing.error": "Błąd w indeksowaniu selekcji.",
	"showLegend": "Pokaż legendę",
	"hideLegend": "Ukryj legendę",
	"selectStyle": "Wybierz styl",
	"setOpacity": "Ustaw nieprzezroczystość",
	"mdActions": "Dostępne akcje",
	"mdActions-view": "Widoczne",
	"mdActions-download": "Do pobrania",
	"mdActions-process": "Do przetwarzania",
	"GUFrate": "Ocena",
	"GUFnoRatings": "Brak ocen <span class=\"fa fa-fw fa-star\">&nbsp;</span>",
	"GUFfromRatingCountRatings": "z {{ratingCount}} ocen",
	"GUFwaitingForApproval": "Oczekiwaniue na zatwierdzenie",
	"GUFseeAllFeedbacks": "Zobacz wszystkie informacje zwrotne",
	"GUFcommentsLastCommentOn": "{{userfeedbackCount}} Komentarze, ostatni komentarz {{date}}.",
	"GUFcountReviews": "{{userfeedbackCount}} Opinie",
	"GUFdeleteUserFeedback": "Usuń",
	"GUFpublishUserFeedback": "Publikuj",
	"GUFclose": "Zamknij",
	"GUFsave": "Zapisz",
	"GUFfeedbackOn": "Informacje zwrotne na temat:",
	"GUFnoComments": "Brak komentarzy",
	"GUFaddRating": "Dodaj swoją opinię",
	"GUFplusAddRating": "Dodaj swoją opinię",
	"GUFaddReview": "Dodaj opinię",
	"GUFaddYourReview": "Dodaj swoją opinię",
	"GUFaddYourReviewInfo": "Zaproponuj stronę internetową, aplikację lub dokument zawierający dodatkowe informacje związane z (użyciem) tego zbioru danych.",
	"GUFaddKeywords": "Dodaj słowa kluczowe",
	"GUFcurrentScore": "Aktualny wynik",
	"GUFuserInformation": "Informacje użytkownika",
	"GUFgiveYourOpinionOnDifferentCategories": "Podziel się swoimi doświadczeniami związanymi z różnymi aspektami tego zbioru danych",
	"GUFgiveYourOpinionAboutTheDataset": "Podziel się swoimi doświadczeniami, zadaj pytanie lub komentuj ten zbiór danych",
	"GUFhelpUsImproveDataset": "Pomóż nam jeszcze bardziej poprawić dane...",
	"GUFcategories": "Kategorie",
	"GUFyouAreLoggedInAs": "Obecnie jesteś zalogowany jako <b>{{authorNameValue}}</b>",
	"GUFyouAreNotLoggedInPleaseFillIn": "Nie jesteś zalogowany, proszę wypełnić swoje imię i nazwisko, e-mail i organizację",
	"GUFshowUserNameInComments": "Pokaż moje imię użytkownika w opiniach i oceniach",
	"GUFhideUserNameInPublic": "Ukryj moje imię w opiniach publicznych (e-mail nigdy nie zostanie wyświetlony)",
	"GUFanonymous": "Anonimowe",
	"GUFratingsComments": "Oceny i komentarze",
	"GUFpublishConfirm": "Chcesz opublikować ten komentarz?",
	"GUFdeleteConfirm": "Chcesz usunąć ten komentarz?",
	"GUFrequired": "Potrzebne",
	"GUFtooLong": "Za długi",
	"GUFnotValidFormat": "Niepoprawny format",
	"clickToSelect": "Kliknij, aby wybrać lub odznaczyć",
	"filterDataDescription": "Wybierz warstwę na mapie, aby zacząć filtrować powiązane funkcje WFS (jeśli istnieją). Obiekty muszą najpierw zostać zindeksowane przez administratora.",
	"WPSDescription": "Wprowadź adres URL dla WPS, aby rozpocząć korzystanie z procesu za pośrednictwem formularza dynamicznego. Ostatnio użyte procesy WPS są pokazane w drugiej zakładce.",
	"noLayersFound": "Nie znaleziono warstw",
	"featuredUserSearches": "Wyszukiwania wyróżnione",
	"userSearches": "Wyszukiwania użytkownika",
	"allLanguage": "Wszystko",
	"userSearch": "Wyszukiwania użytkownika",
	"createUserSearch": "Utwórz",
	"manageUserSearches": "Zarządzaj",
	"manageUserSearchesTitle": "Zarządzanie wyszukiwaniem użytkownika",
	"deleteUserSearchConfirm": "Czy naprawdę chcesz usunąć wyszukiwanie?",
	"userSearchTblSearchName": "Nazwa wyszukiwania",
	"userSearchTblCreator": "Twórca",
	"userSearchTblCreationDate": "Data utworzenia",
	"userSearchTblGroups": "Przyznane grupy",
	"userSearchRemoved": "Wyszukiwania użytkownika usunięte",
	"userSearchSaveHeader": "Zapisz aktualny filtr wyszukiwania.",
	"userSearchName": "Nazwa",
	"userSearchFeatured": "Wyróżnione",
	"userSearchFeaturedDisplayIn": "Pokaż wyróżnione w",
	"userSearchGroups": "Dla grup",
	"userSearchLogo": "Logo url",
	"userSearchUrl": "Wyszukiwanie url",
	"userSearchUpdateUrl": "Aktualizacja",
	"userSearchFeaturedDisplayInHomePage": "Strona główna",
	"userSearchUpdated": "Wyszukiwania użytkownika zapisane",
	"userSearchUpdatedError": "Błąd zapisu wyszukiwań użytkownika",
	"seeDraft": "Ten rekord ma kopię roboczą. Kliknij tutaj, aby go zobaczyć.",
	"seeNoDraft": "Ten rekord ma zatwierdzoną i opublikowaną wersję. Kliknij tutaj, aby go zobaczyć.",
	"loadMoreResults": "Załaduj więcej wyników...",
	"moreFacet": "{{count}} więcej",
	"lessFacet": "{{count}} mniej",
	"allFacet": "wszystko ({{count}})",
	"initialFacet": "początkowo ({{count}})",
	"removeThisFilter": "Usuń ten filtr",
	"removeAllFilters": "Usuńąć wszystkie filtry",
	"creationDateFrom": "Źasoby utworzone po",
	"creationDateTo": "Zasoby utworzone przed",
	"changeDateFrom": "Zasoby zmienione po",
	"changeDateTo": "Zasoby zmienione przed",
	"dateFrom": "Rekordy aktualizowane po",
	"dateTo": "Rekordy aktualizowane przed",
	"activeFilters": "Aktywne filtry",
	"geometryFilter": "Prostokąt ograniczający",
	"GUFname": "Twoje imię",
	"GUFemail": "Twój adres e-mail",
	"GUForganization": "Twoja organizacja",
	"mousePositionCopiedToClipboard": "Współrzędne {{position}} skopiowany do schowka.",
	"mousePosition": "Pozycja",
	"coordinateFormat": "Odwzorowanie i format",
	"displayMousePosition": "Wyświetlaj pozycję myszy (użyj skrót 'c' do kopiowania pozycji z klawiatury).",
	"copyMousePosition": "Kopiuj pozycję myszy do schowka",
	"printUnsupportedLayerTypes": "Następujące typy warstw są obecne, ale nie mogą być drukowane",
	"rssFeed": "RSS feed",
	"esriCapabilitiesFailed": "Błąd w odzyskaniu dokumentu ESRI REST.",
	"esriCapabilitiesNoValid": "Odpowiedź nie jest poprawnym dokumentem ESRI REST.",
	"seriesComposedOf": "Składa się z",
	"seriesCoveringPeriod": "Okres pokrycia",
	"approve": "Zatwierdzaj"
}