{
	"year(s)": "rok (lata)",
	"month(s)": "miesiąc(e)",
	"day(s)": "Dzień (Dni)",
	"hour(s)": "godzina (y)",
	"minute(s)": "minuta (y)",
	"second(s)": "sekunda (y)",
	"otherKeywords-place": "Miejsce",
	"otherKeywords-discipline": "Dyscyplina",
	"otherKeywords-stratum": "Warstwa",
	"otherKeywords-temporal": "Odniesienie czasowe",
	"otherKeywords-theme": "Temat",
	"otherKeywords-": "Słowa kluczowe",
	"link-datasets": "Usługa",
	"link-services": "Usługa",
	"isReplacedBy": "Zastąpiony przez",
	"brothersAndSisters": "Metadane relacyjnie związane",
	"openPagebrothersAndSisters": "Metadane relacyjnie związane",
	"openPagesources": "Źródło",
	"openPagehassource": "Jest źródłem danych",
	"languagesAndTranslations.manage": "Języki i tłumaczenia",
	"languages.manage": "Języki zarejestrowane w bazie danych",
	"languages.manage.help": "Języki przechowywane w bazie danych są używane do przechowywania tłumaczeń dla podmiotu bazy danych, takich jak nazwy grup, tytuły portalu,... Ograniczenie listy języków do minimum upraszcza formularze zgłoszeniowe konsoli administracyjnej.",
	"translations.manage": "Zarządzanie tłumaczeniami",
	"language.add": "Dodaj inne języki",
	"language.added": "Język dodany.",
	"language.added.error": "Błąd podczas dodawania języka.",
	"language.removed": "Język usunięty.",
	"language.removal.error": "Błąd podczas usuwania języka.",
	"language.name": "Język",
	"language.id": "Identyfikator",
	"language.remove": "Usunąć język",
	"translation.addFor": "Dodaj nowe tłumaczenie dla",
	"translation.add": "Dodaj",
	"translation.added": "Tłumaczenie dodane",
	"translation.added.error": "Błąd podczas dodawania tłumaczenia",
	"translations.remove.for": "Usunąć tłumaczenie dla",
	"translations.remove.all": "Usunąć wszystko",
	"translations.synch.all": "Synchronizacja z językami db",
	"translations.synch.all.help": "Dla każdego języka db sprawdź istniejący klucz i dodaj go, jeśli to konieczne.",
	"translations.removed": "Tłumaczenie usunięte",
	"translations.removal.error": "Błąd podczas usunięcia tłumaczenia",
	"translation.key": "Identyfikator",
	"translation.value": "Tłumaczenie",
	"translations.save": "Zapisz wszystkie tłumaczenia",
	"translation.table.view": "Tryb tabeli",
	"translation.json.view": "Tryb JSON",
	"remoteRecord": "Rekord z katalogu zewnętrznego",
	"chooseACatalogRecord": "Wybierz rekord katalogu",
	"siblingListToAdd": "Lista linków rekordów do dodania",
	"orUseRemoteRecordUrl": "lub link do rekordu zdalnego",
	"remoteRecordUrl-help": "Rekord zdalny może być powiązany z rekordem w tym katalogu, wskazując na adres URL rekordu zdalnego. Jeśli rekord zdalny znajduje się w katalogu GeoNetwork, zaleca się stronę docelową rekordu (np. https://catalog/geonetwork/srv/api/records/{uuid}). Dla GeoNode, strona HTML może działać. W innym przypadku można użyć dokumentu XML (np. wywołanie API lub zapytanie CSW GetRecordById).",
	"remoteRecordPropertiesError": "Nie udało się wyciągnąć tytułu i UUID dla rekordu zdalnego. Sprawdź dokument docelowy.",
	"remoteRecordUrlReturnedError": "Nie udało się uzyskać dostępu do URL:",
	"ui-searchOptions": "Opcje wyszukiwania",
	"ui-languageStrategy": "Strategia językowa",
	"ui-languageStrategy-help": "Strategia językowa może być: <ul><li>searchInAllLanguages: wyszukiwanie za pomocą jakichkolwiek pól. (więcej rekordów jest zwracane)</li><li>searchInDetectedLanguage: ograniczenie wyszukiwania do języka wykrytego w oparciu o wyszukiwanie użytkownika. Jeśli wykrywanie języka nie działa, wyszukiwanie we wszystkich językach.</li><li>searchInThatLanguage: Wymuszenie języka za pomocą searchInThatLanguage:fre (rekomendowane, jeśli tylko jeden język jest używany)</li><li>searchInUILanguage: wyszukiwanie w językach interfejsu użytkownika np. pełne pole tekstowe jest any.langfre jeśli francuski</li></ul>",
	"ui-languageWhitelist": "Lista dopuszczalnych języków",
	"ui-languageWhitelist-help": "Ograniczenie wykrywania języka tylko do niektórych języków. Jeśli puste, używana jest lista języków w rekordów katalogu, a jeśli jej nie znaleziono, używane jest ustawienie mods.header.languages.",
	"ui-queryBase": "Podstawowe zapytanie",
	"ui-queryBase-help": "Aby uzyskać łatwe wyszukiwanie pełnego tekstu we wszystkich polach użyj '${any}'. Aby dać więcej znaczenia tytułowi, użyj '${any} resourceTitleObject.default:(${any})^2'. Zobacz <a href=\"https://www.elastic.co/guide/en/elasticsearch/reference/current/query-dsl-query-string-query.html\">dokumentacja</a> dla uzyskania więcej szczegółów. Użyj '${searchLang}' do ustawienia wykrytego języka lub '${uiLang}' dla języka interfejsu użytkownika.",
	"anyFieldTitle": "Wyszukiwanie. Wpisz, aby uzyskać sugestie. użyj \" do wyszukiwania fraz i dokładnego dopasowania np. \"sieć referencyjna\". Użyj q() do zaawansowanego wyszukiwania np. q(-cl_status_text:obsolete)",
	"accessManager": "Prawa dostępu",
	"facetIncludeFilter": "Wartości filtra. Wyrażenie regularne można użyć za pomocą '/Land.*/'",
	"allValuesExcept": "Wszystkie wartości z wyjątkiem",
	"filterWithValue": "Filtruj z tą wartością",
	"indexNotAvailable": "W chwili obecnej nie ma dostępnych usług wyszukiwania!",
	"facet-cat": "Kategoria",
	"cat": "Kategoria",
	"groupOwner": "Grupa",
	"groupPublished": "Opublikowane w tej grupie",
	"indexingError": "Błąd indeksowania",
	"source": "Katalog",
	"ui-sortBy-help": "Określ rodzaj domyślny według opcji. np. 'trafność', aby użyć obliczonego wyniku wyszukiwania (patrz konfiguracja wyniku) lub 'dateStamp#desc', aby najpierw zwrócić ostatni aktualizowany rekord.",
	"sortBy-dateStamp": "ostatnie aktualizacje",
	"sortBy-createDate": "nowe rekordy",
	"sortBy-resourceTitleObject.default.keyword": "tytuł",
	"sortBy-relevance": "trafność",
	"sortBy-rating": "ocena",
	"sortBy-valid": "status walidacji",
	"sortBy-recordOwner": "właściciel",
	"csw-sortByHelp": "Określ opcję sortowania do zapytania GetRecords. To może rozwiązać problem dla dużych zestawów, gdzie niektóre rekordy mogą ulec zmianie w zdalnym węźle podczas harvetstingu i zostaną zwrócone na różnych stronach. Sortowanie przez 'identifier:A' oznacza przez UUID z porządkiem alfabetycznym. Wszelkie kwerendy CSW mogą być używane w połączeniu z A lub D do ustawienia uporządkowania.",
	"moreLikeThis": "Podobne rekordy",
	"onTheWeb": "Więcej informacji online",
	"pdfReportTocTitle": "Zawartość",
	"loadMoreResults": "załaduj więcej wyników...",
	"rating": "ocena",
	"popularity": "popularność",
	"isHarvested-true": "Harwestowany",
	"isHarvested-false": "Lokalne",
	"sortBy-popularity": "popularność",
	"sortBy-denominatorDesc": "Pierwsza mała skala",
	"sortBy-denominatorAsc": "Pierwsza duża skala",
	"deleteRecordConfirm": "Czy naprawdę chcesz usunąć '{{resourceTitle}}'?",
	"range-relation-intersects": "Przecina",
	"range-relation-within": "wewnątrz",
	"range-relation-contains": "Zawiera",
	"documentStandard": "Standard metadanych",
	"cl_status_text": "Status",
	"resourceTemporalDateRange": "Zasięg czasowy zasobu",
	"facet-dateStamp": "Aktualizacja rekordów",
	"facet-format": "Formaty",
	"facet-topic": "Tematy",
	"facet-inspireThemeUri": "Tematy INSPIRE",
	"facet-cl_hierarchyLevel": "Typ zasobów",
	"facet-resourceType": "Typ zasobów",
	"facet-cl_resourceScope": "Typ zasobów",
	"facet-cl_spatialRepresentationType": "Rodzaj reprezentacji przestrzennej",
	"facet-availableInServices": "Dostępne w",
	"availableInServices-availableInDownloadService": "Usługa pobierania",
	"availableInServices-availableInViewService": "Usługa przeglądania",
	"facet-th_gemet_tree": "Etykiety środowiskowe",
	"facet-th_regions_tree": "Regiony",
	"facet-th_httpinspireeceuropaeutheme-theme": "Tematy INSPIRE",
	"facet-th_httpinspireeceuropaeutheme-theme_tree": "Tematy INSPIRE",
	"facet-creationYearForResource": "Lata",
	"facet-resolutionScaleDenominator": "Skale",
	"facet-cl_maintenanceAndUpdateFrequency": "Częstotliwość aktualizacji",
	"facet-cl_status": "Status",
	"facet-tag": "Słowa kluczowe",
	"facet-resourceTemporalDateRange": "Zasięg czasowy",
	"facet-serviceType": "Rodzaj usług",
	"facet-cl_topic": "Temat",
	"facet-valid": "Status walidacji",
	"valid-1": "Poprawny",
	"valid-0": "Niepoprawny",
	"valid--1": "Nieznany",
	"facet-valid_inspire": "Status weryfikacji INSPIRE",
	"valid_inspire-1": "Poprawny",
	"valid_inspire-0": "Niepoprawny",
	"valid_inspire--1": "Nieznany",
	"facet-OrgForResource": "Organizacje",
	"facet-sourceCatalogue": "Katalogi",
	"facet-groupOwner": "Grupy rekordów",
	"facet-recordOwner": "Autorzy rekordów",
	"facet-groupPublished": "Opublikowane w tej grupie",
	"facet-groupPublishedId": "Opublikowane w tej grupie",
	"facet-documentStandard": "Standardy",
	"facet-isHarvested": "Harwestowany",
	"facet-isTemplate": "Rodzaje rekordów",
	"facet-schema": "Standardy",
	"facet-isPublishedToAll": "Dostęp",
	"facet-th_httpinspireeceuropaeumetadatacodelistPriorityDataset-PriorityDataset_tree": "Zestaw danych priorytetowych INSPIRE",
	"isPublishedToAll-true": "Rekordy publiczne",
	"isPublishedToAll-false": "Rekordy ograniczone",
	"indexRecordsWithErrors": "Rekordy indeksowe z błędami",
	"top10IndexingErrors": "10 błędów w indeksowaniu:",
	"facet-indexingErrorMsg": "Błędy indeksowania",
	"rebuildIndex": "Reindeksacja rekordów",
	"dropIndexAndRebuild": "Usuwanie indeksu i reindeksu",
	"rebuildIndexHelp": "Podczas odbudowy indeksu, wyszukiwanie może przywrócić niekompletne wyniki, a operacja CSW GetRecords może zostać wyłączona (jeśli wybierzesz opcję w ustawieniach). Użyj tej funkcji, gdy ruch w katalogu jest niski. Zaleca się, aby odbudowywać indeks ręcznie podczas dokonywania zmian bezpośrednio w bazie danych. Jeśli zmieniasz mapowanie indeksu (patrz <a href='https://github.com/geonetwork/core-geonetwork/blob/es/web/src/main/webResources/WEB-INF/data/config/index/records.json'>records.json</a>), wtedy musisz kliknąć na 'Usuń indeks i reindeks'.",
	"indexInEsDoneError": "Jest błąd w indeksie. Zobacz logi, aby uzyskać szczegółowe informacje",
	"indexInEsDone": "Indeksowanie przebiegło pomyślnie",
	"indexCommit": "Zatwierdzenie zmian w indeksie",
	"indexCommit-help": "Do użycia tylko wtedy, gdy zadanie indeksowania jest zawieszone.",
	"indexCommitError": "Błąd podczas zatwierdzania zmian w indeksie.",
	"ui-moreLikeThisConfig": "Raczej taka konfiguracja",
	"ui-moreLikeThisConfig-help": "Konfiguracja musi mieć more_like_this.like, który zostanie ustawiony z tytułem rekordów w celu wyszukiwania podobnych rekordów.",
	"ui-autocompleteConfig": "Konfiguracja autouzupełniania",
	"ui-autocompleteConfig-help": "Konfiguracja musi mieć query.multi_match.query, który zostanie ustawiony na autouzupełnianiu.",
	"ui-facetConfig": "Konfiguracja aspektów",
	"ui-facetConfig-help": "Ta konfiguracja jest używana do wyświetlania aspektów, przy użyciu agregacji terminów lub filtrów. Zobacz <a href=\"https://geonetwork-opensource.org/manuals/4.0.x/en/customizing-application/configuring-faceted-search.html\">dokumentacja</a> dla uzyskania więcej informacji.",
	"resourceEvents": "Wydarzenia związane z zasobem",
	"resourceVerticalRange": "Zasięg pionowy",
	"searchBadRequest": "Zapytanie zwróciło błąd. Sprawdź konsolę w celu uzyskania szczegółów.",
	"searchInvalidResponse": "Zapytanie zwróciło nieprawidłową odpowiedź. Sprawdź konsolę w celu uzyskania szczegółów.",
	"exactMatch": "Dokładne dopasowanie",
	"exactMatch-help": "Dokładne dopasowanie oznacza, że '\"' jest dodany do określeń wyszukiwania.",
	"titleOnly": "Wyszukaj tylko w tytule",
	"titleOnly-help": "Wyszukaj tylko w tytule.",
	"wfsIndexingEndDate": "Ostatnia data indeksowania",
	"wfsIndexingScheduled": "Zaplanowany?",
	"wfsIndexingNewSchedule": "Dodaj harwester WFS",
	"wfsIndexingCreateSchedule": "Zapisz",
	"wfsIndexingUpdateSchedule": "Aktualizacja",
	"wfsIndexingScheduleHelp": "",
	"wfsIndexingJobSaved": "Zadanie indeksowania WFS zapisane.",
	"wfsIndexingEditSchedule": "Harmonogram",
	"wfsIndexingTrigger": "Rozpocznij",
	"wfsDeleteWfsIndexing": "Usuń",
	"wfsDeleteWfsIndexingSuccess": "Zadanie harwestingu zostało usunięte.",
	"wfsDeleteWfsIndexingError": "Podczas usuwania zadania wystąpił błąd.",
	"wfsIndexingTriggerSuccess": "Zadanie harwestingu rozpoczęte.",
	"wfsIndexingTriggerError": "Przy rozpoczęciu zadania wystąpił błąd.",
	"wfsHarvesterActions": "Akcje",
	"setAndReplaceOperations": "Operacje zastępowania",
	"wxsServiceUrl": "Usługa URL",
	"clearCheckboxFormChanges": "Wyczyść zmodyfikowany stan wyboru. Pliki kontrolne z '-' oznaczają, że te wartości zostaną usunięte z wyboru.",
	"addThoseCategories-help": "Dodaj (+) lub usuń (-) wybrane kategorie.",
	"replaceByThoseCategories-help": "Usuń kategorie rekordów, a następnie dodaj (+) lub usuń (-) wybrane kategorie.",
	"clearValidationStatus": "Wyczyść status walidacji",
	"addThoseOperations-help": "Dodaj (+) lub usuń (-) wybrane uprawnienia.",
	"replaceByThoseOperations-help": "Usuń uprawnienia rekordów, a następnie dodaj (+) lub usuń (-) wybrane uprawnienia.",
	"ui-dateFormat": "Format daty",
	"ui-dateFormat-help": "Format dat w domyślnym widoku rekordów.",
	"ui-timezone": "Strefa czasowa interfejsu użytkownika",
	"ui-timezone-help": "Strefa czasowa, którą należy użyć do renderowania daty w domyślnym widoku i opcja, którą należy dodać do edytora selektora dat. Jeśli nie ma potrzeby obsługi wielu stref czasowych w katalogu, ustaw tę wartość do strefy czasowej serwera (patrz admin > ustawienia). 'Przeglądarka' wskazuje użycie strefy czasowej przeglądarki.",
	"NoTimezone": "Brak strefy czasowej",
	"YourTimezone": "Twoja strefa czasowa",
	"CatalogTimezone": "Serwer strefy czasowej",
	"CatalogUiTimezone": "Zalecana strefa czasowa",
	"wpsLineage": "Źródła danych",
	"wpsStoreExecuteResponse": "Zapisz wykonaną odpowiedź",
	"wpsStatus": "Asynchroniczny",
	"wpsOutputAsReference": "Uzyskaj dane wyjściowe jako odniesienie",
	"wpsOutputAsReference-help": "Odpowiedź na żądanie jako adres URL (który będzie dostępny do pobrania w przypadku powodzenia).",
	"wpsLoadReferenceInMap": "Załaduj referencję na mapie",
	"wpsLoadReferenceInMap-help": "Spróbuj pobrać adres URL odniesienia z odpowiedzią i załadować go na mapie (musi to być odpowiedź GeoJSON).",
	"translationPackClearCache": "Wyczyść pamięć podręczną pakietów tłumaczeń",
	"translationPackClearCache-help": "Wymagane jeśli nastąpiła zmiana plików tłumaczeń JSON aplikacji Javascript w katalogu/lokaliazacji, tłumaczeniach baz danych lub tłumaczeniach schematu JSON.",
	"translationPackCacheCleared": "Pamięć podręczna pakietów tłumaczeń wyczyszczona.",
	"translationPackCacheClearFailure": "Wystąpił błąd podczas czyszczenia pamięci podręcznej pakietów tłumaczeń!",
	"ui-isVegaEnabled": "Włącz interaktywne aspekty graficzne (z użyciem Vega)",
	"ui-exactMatchToggle": "Wyświetl przełącznik dokładnego dopasowania",
	"facets.temporalRange.help": "Przeciągnij, aby wybrać zasieg danych lub kliknij na pasek na dolnym wykresie. Odkliknij wybrany zasieg, aby usunąć zasięg. Kliknij przycisk filtra, aby wyszukać.\n\nNiebieskie serie: bieżąca wyszukiwanie, Szare serie: wszystkie rekordy.",
	"facets.temporalRange.seriesLegend": "Niebieska seria: aktualne wyszukiwanie, Szara seria: wszystkie rekordy",
	"recordFormats": "Formaty dystrybucji :",
	"recordFormatDownload": "Pobierz jako",
	"commonProtocols": "Ogólne protokoły :",
	"indexStatusSynchronized": "Rekordy w indeksie/db = <strong>{{indexStatus['index.count']}}/{{indexStatus['db.count']}}</strong>",
	"indexStatusSynchronized-error": "Jeśli liczba rekordów nie jest równa w bazie danych i w indeksie, sprawdź najpierw, czy katalog wskazuje na poprawny indeks. Jeśli tak, spróbuj ponownie indeksować katalog z admin > narzędzia. Jeśli nadal istnieje różnica, sprawdź błędy indeksowania w logach i napraw rekord metadanych w widoku XML.",
	"IndexReadOnlyHealthCheck": "Indeks jest w trybie odczytu",
	"summary": "Podsumowanie",
	"metadataRecords": "Rekordy metadanych",
	"accessAndUseConstraints": "Ograniczenia dostępu i korzystania",
	"results": "Wyniki",
	"format-zip": "ZIP",
	"facet-geometry": "Filtry przestrzenne",
	"usingCswFromNode": "Korzystanie z portalu CSW:",
	"validateInspireUsingNode": "Walidacja zdalna INSPIRE za pomocą portalu",
	"noINSPIRETestTokenAvailable": "Walidator INSPIRE zwrócił pusty token. Status walidacji nie może być teraz sprawdzony. Sprawdź konfigurację i klucz API lub spróbuj później.",
	"system/localrating/notificationLevel": "Ocena poziomu powiadomienia",
	"system/localrating/notificationLevel-help": "Określ, których użytkowników ostrzegać w przypadku oceny.",
	"system/inspire/remotevalidation/apikey": "Klucz API",
	"system/inspire/remotevalidation/apikey-help": "Użytkownicy i organizacje zainteresowane otrzymaniem klucza API będą musieli skontaktować się z zespołem Walidatora, wysyłając wiadomość e-mail do JRC-INSPIRE-SUPPORT AT ec.europa.eu i dostarczając następujące informacje: nazwę organizacji, odpowiedzialny punkt kontaktowy i zamierzone użycie klucza API.",
	"system/inspire/remotevalidation/nodeid": "Identyfikator portalu użyty do walidacji",
	"system/inspire/remotevalidation/nodeid-help": "Jeśli wartość NULL, rekord jest przekazywany do walidatora, jeśli węzeł jest zdefiniowany, wtedy url CSW tego węzła jest używany, walidator wykonan zapytanie GetRecordById, aby odzyskać rekord.",
	"system/security/password/allowAdminReset": "Umożliwia zresetowanie hasła przez administratora",
	"system/security/password/allowAdminReset-help": "Jeśli serwer pocztowy jest skonfigurowany, użytkownicy mogą zresetować hasło bezpośrednio. Ze względów bezpieczeństwa, można umożliwić tę opcję tylko wtedy, gdy nie jest skonfigurowany serwer pocztowy.",
	"chooseOptionsToCustomize": "Wybierz opcję dostosowania",
	"ui/chooseAnOption-help": "Obecna konfiguracja użytkownika jest pusta. Wybierz jedną lub więcej opcji powyżej lub utwórz pełną konfigurację.",
	"uiConfigForm": "Formularz konfiguracji",
	"uiConfigJsonForm": "Formularz JSON",
	"uiBasicConfig": "Pełna konfiguracja",
	"uiRemoveDefaultOptions": "Usunąć opcje domyślne",
	"preferredOptions": "Preferowane opcje",
	"ui-full-configuration": "Wszystkie opcje",
	"ui-hitsPerPage": "Liczba rekordów na stronę",
	"ui-queryTitle": "Wyszukiwanie przez wskazanie tylko tytułu",
	"ui-related": "Wyniki / Rodzaj powiązanych rekordów do wyszukiwania",
	"ui-includePortals": "Wyszukiwanie użytkowników / Włącz portale",
	"ui-list": "Lista widoku rekordów",
	"ui-langDetector": "Wykrywanie języka",
	"ui-nodeDetector": "Wykrywanie portalu",
	"ui-serviceDetector": "Wykrywanie usługi",
	"ui-baseURLDetector": "Wykrywanie podstawowego URL",
	"ui-detectors": "Detektory",
	"uiRestorePrevious": "Przywróć ostatnio zapisany",
	"onlyMyRecord": "Tylko moje rekordy",
	"searchWithLang": "Wyszukiwanie ",
	"searchAllLanguages-help": "Definicja, który język daje priorytety do niektórych rekordów.",
	"searchInAllLanguages": "we wszystkich językach",
	"searchInUILanguage": "w języku interfejsu użytkownika",
	"searchInDetectedLanguage": "w wykrytym języku",
	"forceALanguage": "w języku:",
	"cite.dataset": "Cytowany zbiór danych",
	"cite.format.html": "Html",
	"cite.format.text": "Tekst",
	"cite.format.ris": "RIS",
	"cite.format.ris.help": "Format etykiety został opracowany przez Research Information Systems.",
	"cite.format.bibtex": "BibTex",
	"cite.format.bibtex.help": "Archiwum bazy danych BibTeX jest tworzony przez listę wpisów, z każdym wpisem odpowiadającym elementowi bibliograficznemu.",
	"origin": "Pochodzenie",
	"forMoreInformationContact": "W celu pozyskania informacji skontaktuj się ",
	"indexingErrorMessages": "{{count}} ostrzeżenia i błędy indeksowania ",
	"searchAndReplace": "Wyszukaj i zastąp",
	"xpathEdits": "Edycja XPath",
	"batchEdits": "Formularz edycji",
	"searchAndReplaceEditsHelp": "Użyj bazy danych, aby uruchomić operacje wyszukiwania i zastąpienia.",
	"addSearchAndReplace-help": "",
	"searchValue": "Wartość",
	"searchReplacement": "Zastępowanie",
	"previewChangesAsXml": "Podgląd XML",
	"previewChangesAsHtml": "Podgląd HTML",
	"previewChangesAsDiff": "Diff",
	"previewChangesAsPatch": "Patch",
	"noSearchAndReplaceChangesToApply": "Najpierw określ wartość wyszukiwania.",
	"regexpFlags": "Regularne flagi wyrażenia (w zależności od wykorzystanej bazy danych)",
	"processPreview": "Proces podglądu",
	"regexpFlags-m": "umożliwia tryb wielowierszowy",
	"regexpFlags-n": "dopuszcza kropkę do znaku nowej linii",
	"regexpFlags-i": "umożliwia dopasowanie bez rozróżniania wielkości liter",
	"regexpFlags-c": "wyłącza dopasowanie bez rozróżniania wielkości liter",
	"createCollectionFromSelectionAs": "Tworzenie zbiorów z selekcji jako",
	"supplementalInformation": "Dodatkowe informacje",
	"sourceDescription": "Opis źródła",
	"orderingInstructions": "Instrukcje zamawiania",
	"siblingsReverseLinks": "Inne zasoby (inne linki do rekordów)",
	"focusOnFrom": "Skupienie się na zasobach z",
	"focusOn": "Skupienie się na",
	"memberOf": "Członek:",
	"keywordAnchorLink": "Szczegóły słowa kluczowego",
	"facet-linkUrl": "Url",
	"facet-linkProtocol": "Protokół",
	"copyToClipboard": "Kopiuj do schowka.",
	"copyUrlToClipboard": "Kopiuj adres URL do schowka.",
	"copyHarvesterConfig": "Kopiuj konfigurację harwestera",
	"addHarvesterFromClipboard": "Wklej konfigurację harwestera",
	"harvesterConfigIsNotJson": "Konfiguracja harwestera musi być konfiguracją JSON.",
	"harvesterConfigIsNotValid": "Konfiguracja harwestera nie wydaje się być poprawną konfiguracją.",
	"specificationConformance": "Specyfikacja zgodności",
	"toggleOptions": "Przełącznik opcji filtra wspólnego (otwórz lub zamknij drzewo filtra)",
	"ui-showMosaic": "Wyświetl podgląd mozaiki na stronie głównej",
	"ui-showMaps": "Pokaż najnowsze mapy na stronie głównej",
	"ui-queryBaseOptions": "Opcje wyszukiwania",
	"ui-queryBaseOptions-help": "Sprawdź <a href='https://www.elastic.co/guide/en/elasticsearch/reference/current/query-dsl-query-string-query.html#query-string-top-level-params'>dokumentacja</a> w celu uzyskania szczegółów",
	"sortBy": "Sortowane przez",
	"uuidMergePolicy": "Polityka łączenia UUID",
	"filteringAndProcessing": "Filtrowanie i przetwarzanie odpowiedzi",
	"recordCreationOptions": "Opcje tworzenia rekordów",
	"batchEditConfigIsNotValid": "Konfiguracja edycji wsadowej jest niepoprawna. Musi być JSON <pre>{\"insertMode\": \"gn_add\", \"xpath\": \"...\", \"wartość\": \"...\"}</pre>",
	"batchEditConfigIsNotJson": "Konfiguracja edycji wsadowej to nie JSON.",
	"testLink": "Testy",
	"metadata/link": "Analiza linku",
	"metadata/link/excludedUrlPattern": "Wyłączenie URL z analizy linków",
	"metadata/link/excludedUrlPattern-help": "np. (https://resources.domain.org/datasets/.* |https://uri.domain.org/.*)",
	"portals": "Zmiana portali",
	"switchPortals": "Przełącz do innego portalu"
}