<?xml version="1.0" encoding="UTF-8"?>
<languages>
	<language>
		<id>1</id>
		<ISO639_1>aa</ISO639_1>
		<name>Afar</name>
	</language>
	<language>
		<id>2</id>
		<ISO639_1>ab</ISO639_1>
		<name>Abkhazian</name>
	</language>
	<language>
		<id>3</id>
		<ISO639_1>ae</ISO639_1>
		<name>Avestan</name>
	</language>
	<language>
		<id>4</id>
		<ISO639_1>af</ISO639_1>
		<name>Afrikaans</name>
	</language>
	<language>
		<id>5</id>
		<ISO639_1>am</ISO639_1>
		<name>Amharic</name>
	</language>
	<language>
		<id>6</id>
		<ISO639_1>ar</ISO639_1>
		<name>Arabic</name>
	</language>
	<language>
		<id>7</id>
		<ISO639_1>as</ISO639_1>
		<name>Assamese</name>
	</language>
	<language>
		<id>8</id>
		<ISO639_1>ay</ISO639_1>
		<name>Aymara</name>
	</language>
	<language>
		<id>9</id>
		<ISO639_1>az</ISO639_1>
		<name>Azerbaijani</name>
	</language>
	<language>
		<id>10</id>
		<ISO639_1>ba</ISO639_1>
		<name>Bashkir</name>
	</language>
	<language>
		<id>11</id>
		<ISO639_1>be</ISO639_1>
		<name>Belarusian</name>
	</language>
	<language>
		<id>12</id>
		<ISO639_1>bg</ISO639_1>
		<name>Bulgarian</name>
	</language>
	<language>
		<id>13</id>
		<ISO639_1>bh</ISO639_1>
		<name>Bihari</name>
	</language>
	<language>
		<id>14</id>
		<ISO639_1>bi</ISO639_1>
		<name>Bislama</name>
	</language>
	<language>
		<id>15</id>
		<ISO639_1>bn</ISO639_1>
		<name>Bengali</name>
	</language>
	<language>
		<id>16</id>
		<ISO639_1>bo</ISO639_1>
		<name>Tibetan</name>
	</language>
	<language>
		<id>17</id>
		<ISO639_1>br</ISO639_1>
		<name>Breton</name>
	</language>
	<language>
		<id>18</id>
		<ISO639_1>bs</ISO639_1>
		<name>Bosnian</name>
	</language>
	<language>
		<id>19</id>
		<ISO639_1>ca</ISO639_1>
		<name>Catalan</name>
	</language>
	<language>
		<id>20</id>
		<ISO639_1>ce</ISO639_1>
		<name>Chechen</name>
	</language>
	<language>
		<id>21</id>
		<ISO639_1>ch</ISO639_1>
		<name>Chamorro</name>
	</language>
	<language>
		<id>22</id>
		<ISO639_1>co</ISO639_1>
		<name>Corsican</name>
	</language>
	<language>
		<id>23</id>
		<ISO639_1>cs</ISO639_1>
		<name>Czech</name>
	</language>
	<language>
		<id>24</id>
		<ISO639_1>cu</ISO639_1>
		<name>Church Slavic</name>
	</language>
	<language>
		<id>25</id>
		<ISO639_1>cv</ISO639_1>
		<name>Chuvash</name>
	</language>
	<language>
		<id>26</id>
		<ISO639_1>cy</ISO639_1>
		<name>Welsh</name>
	</language>
	<language>
		<id>27</id>
		<ISO639_1>da</ISO639_1>
		<name>Danish</name>
	</language>
	<language>
		<id>28</id>
		<ISO639_1>de</ISO639_1>
		<name>German</name>
	</language>
	<language>
		<id>29</id>
		<ISO639_1>dz</ISO639_1>
		<name>Dzongkha</name>
	</language>
	<language>
		<id>30</id>
		<ISO639_1>el</ISO639_1>
		<name>Greek, Modern (1453-)</name>
	</language>
	<language>
		<id>31</id>
		<ISO639_1>en</ISO639_1>
		<name>English</name>
	</language>
	<language>
		<id>32</id>
		<ISO639_1>eo</ISO639_1>
		<name>Esperanto</name>
	</language>
	<language>
		<id>33</id>
		<ISO639_1>es</ISO639_1>
		<name>Spanish</name>
	</language>
	<language>
		<id>34</id>
		<ISO639_1>et</ISO639_1>
		<name>Estonian</name>
	</language>
	<language>
		<id>35</id>
		<ISO639_1>eu</ISO639_1>
		<name>Basque</name>
	</language>
	<language>
		<id>36</id>
		<ISO639_1>fa</ISO639_1>
		<name>Persian</name>
	</language>
	<language>
		<id>37</id>
		<ISO639_1>fi</ISO639_1>
		<name>Finnish</name>
	</language>
	<language>
		<id>38</id>
		<ISO639_1>fj</ISO639_1>
		<name>Fijian</name>
	</language>
	<language>
		<id>39</id>
		<ISO639_1>fo</ISO639_1>
		<name>Faroese</name>
	</language>
	<language>
		<id>40</id>
		<ISO639_1>fr</ISO639_1>
		<name>French</name>
	</language>
	<language>
		<id>41</id>
		<ISO639_1>fy</ISO639_1>
		<name>Frisian</name>
	</language>
	<language>
		<id>42</id>
		<ISO639_1>ga</ISO639_1>
		<name>Irish</name>
	</language>
	<language>
		<id>43</id>
		<ISO639_1>gd</ISO639_1>
		<name>Gaelic</name>
	</language>
	<language>
		<id>44</id>
		<ISO639_1>gl</ISO639_1>
		<name>Gallegan</name>
	</language>
	<language>
		<id>45</id>
		<ISO639_1>gn</ISO639_1>
		<name>Guarani</name>
	</language>
	<language>
		<id>46</id>
		<ISO639_1>gu</ISO639_1>
		<name>Gujarati</name>
	</language>
	<language>
		<id>47</id>
		<ISO639_1>gv</ISO639_1>
		<name>Manx</name>
	</language>
	<language>
		<id>48</id>
		<ISO639_1>ha</ISO639_1>
		<name>Hausa</name>
	</language>
	<language>
		<id>49</id>
		<ISO639_1>he</ISO639_1>
		<name>Hebrew</name>
	</language>
	<language>
		<id>50</id>
		<ISO639_1>hi</ISO639_1>
		<name>Hindi</name>
	</language>
	<language>
		<id>51</id>
		<ISO639_1>ho</ISO639_1>
		<name>Hiri Motu</name>
	</language>
	<language>
		<id>52</id>
		<ISO639_1>hr</ISO639_1>
		<name>Croatian</name>
	</language>
	<language>
		<id>53</id>
		<ISO639_1>hu</ISO639_1>
		<name>Hungarian</name>
	</language>
	<language>
		<id>54</id>
		<ISO639_1>hy</ISO639_1>
		<name>Armenian</name>
	</language>
	<language>
		<id>55</id>
		<ISO639_1>hz</ISO639_1>
		<name>Herero</name>
	</language>
	<language>
		<id>56</id>
		<ISO639_1>ia</ISO639_1>
		<name>Interlingua (International Auxiliary Language Association)</name>
	</language>
	<language>
		<id>57</id>
		<ISO639_1>id</ISO639_1>
		<name>Indonesian</name>
	</language>
	<language>
		<id>58</id>
		<ISO639_1>ie</ISO639_1>
		<name>Interlingue</name>
	</language>
	<language>
		<id>59</id>
		<ISO639_1>ik</ISO639_1>
		<name>Inupiaq</name>
	</language>
	<language>
		<id>60</id>
		<ISO639_1>is</ISO639_1>
		<name>Icelandic</name>
	</language>
	<language>
		<id>61</id>
		<ISO639_1>it</ISO639_1>
		<name>Italian</name>
	</language>
	<language>
		<id>62</id>
		<ISO639_1>iu</ISO639_1>
		<name>Inuktitut</name>
	</language>
	<language>
		<id>63</id>
		<ISO639_1>ja</ISO639_1>
		<name>Japanese</name>
	</language>
	<language>
		<id>64</id>
		<ISO639_1>jv</ISO639_1>
		<name>Javanese</name>
	</language>
	<language>
		<id>65</id>
		<ISO639_1>ka</ISO639_1>
		<name>Georgian</name>
	</language>
	<language>
		<id>66</id>
		<ISO639_1>ki</ISO639_1>
		<name>Kikuyu</name>
	</language>
	<language>
		<id>67</id>
		<ISO639_1>kj</ISO639_1>
		<name>Kuanyama</name>
	</language>
	<language>
		<id>68</id>
		<ISO639_1>kk</ISO639_1>
		<name>Kazakh</name>
	</language>
	<language>
		<id>69</id>
		<ISO639_1>kl</ISO639_1>
		<name>Kalaallisut</name>
	</language>
	<language>
		<id>70</id>
		<ISO639_1>km</ISO639_1>
		<name>Khmer</name>
	</language>
	<language>
		<id>71</id>
		<ISO639_1>kn</ISO639_1>
		<name>Kannada</name>
	</language>
	<language>
		<id>72</id>
		<ISO639_1>ko</ISO639_1>
		<name>Korean</name>
	</language>
	<language>
		<id>73</id>
		<ISO639_1>ks</ISO639_1>
		<name>Kashmiri</name>
	</language>
	<language>
		<id>74</id>
		<ISO639_1>ku</ISO639_1>
		<name>Kurdish</name>
	</language>
	<language>
		<id>75</id>
		<ISO639_1>kv</ISO639_1>
		<name>Komi</name>
	</language>
	<language>
		<id>76</id>
		<ISO639_1>kw</ISO639_1>
		<name>Cornish</name>
	</language>
	<language>
		<id>77</id>
		<ISO639_1>ky</ISO639_1>
		<name>Kirghiz</name>
	</language>
	<language>
		<id>78</id>
		<ISO639_1>la</ISO639_1>
		<name>Latin</name>
	</language>
	<language>
		<id>79</id>
		<ISO639_1>lb</ISO639_1>
		<name>Letzeburgesch</name>
	</language>
	<language>
		<id>80</id>
		<ISO639_1>ln</ISO639_1>
		<name>Lingala</name>
	</language>
	<language>
		<id>81</id>
		<ISO639_1>lo</ISO639_1>
		<name>Lao</name>
	</language>
	<language>
		<id>82</id>
		<ISO639_1>lt</ISO639_1>
		<name>Lithuanian</name>
	</language>
	<language>
		<id>83</id>
		<ISO639_1>lv</ISO639_1>
		<name>Latvian</name>
	</language>
	<language>
		<id>84</id>
		<ISO639_1>mg</ISO639_1>
		<name>Malagasy</name>
	</language>
	<language>
		<id>85</id>
		<ISO639_1>mh</ISO639_1>
		<name>Marshall</name>
	</language>
	<language>
		<id>86</id>
		<ISO639_1>mi</ISO639_1>
		<name>Maori</name>
	</language>
	<language>
		<id>87</id>
		<ISO639_1>mk</ISO639_1>
		<name>Macedonian</name>
	</language>
	<language>
		<id>88</id>
		<ISO639_1>ml</ISO639_1>
		<name>Malayalam</name>
	</language>
	<language>
		<id>89</id>
		<ISO639_1>mn</ISO639_1>
		<name>Mongolian</name>
	</language>
	<language>
		<id>90</id>
		<ISO639_1>mo</ISO639_1>
		<name>Moldavian</name>
	</language>
	<language>
		<id>91</id>
		<ISO639_1>mr</ISO639_1>
		<name>Marathi</name>
	</language>
	<language>
		<id>92</id>
		<ISO639_1>ms</ISO639_1>
		<name>Malay</name>
	</language>
	<language>
		<id>93</id>
		<ISO639_1>mt</ISO639_1>
		<name>Maltese</name>
	</language>
	<language>
		<id>94</id>
		<ISO639_1>my</ISO639_1>
		<name>Burmese</name>
	</language>
	<language>
		<id>95</id>
		<ISO639_1>na</ISO639_1>
		<name>Nauru</name>
	</language>
	<language>
		<id>96</id>
		<ISO639_1>nb</ISO639_1>
		<name>Norwegian Bokmål</name>
	</language>
	<language>
		<id>97</id>
		<ISO639_1>nd</ISO639_1>
		<name>Ndebele, North</name>
	</language>
	<language>
		<id>98</id>
		<ISO639_1>ne</ISO639_1>
		<name>Nepali</name>
	</language>
	<language>
		<id>99</id>
		<ISO639_1>ng</ISO639_1>
		<name>Ndonga</name>
	</language>
	<language>
		<id>100</id>
		<ISO639_1>nl</ISO639_1>
		<name>Dutch</name>
	</language>
	<language>
		<id>101</id>
		<ISO639_1>nn</ISO639_1>
		<name>Norwegian Nynorsk</name>
	</language>
	<language>
		<id>102</id>
		<ISO639_1>no</ISO639_1>
		<name>Norwegian</name>
	</language>
	<language>
		<id>103</id>
		<ISO639_1>nr</ISO639_1>
		<name>Ndebele, South</name>
	</language>
	<language>
		<id>104</id>
		<ISO639_1>nv</ISO639_1>
		<name>Navajo</name>
	</language>
	<language>
		<id>105</id>
		<ISO639_1>ny</ISO639_1>
		<name>Chichewa</name>
	</language>
	<language>
		<id>106</id>
		<ISO639_1>oc</ISO639_1>
		<name>Occitan (post 1500)</name>
	</language>
	<language>
		<id>107</id>
		<ISO639_1>om</ISO639_1>
		<name>Oromo</name>
	</language>
	<language>
		<id>108</id>
		<ISO639_1>or</ISO639_1>
		<name>Oriya</name>
	</language>
	<language>
		<id>109</id>
		<ISO639_1>os</ISO639_1>
		<name>Ossetian</name>
	</language>
	<language>
		<id>110</id>
		<ISO639_1>pa</ISO639_1>
		<name>Panjabi</name>
	</language>
	<language>
		<id>111</id>
		<ISO639_1>pi</ISO639_1>
		<name>Pali</name>
	</language>
	<language>
		<id>112</id>
		<ISO639_1>pl</ISO639_1>
		<name>Polish</name>
	</language>
	<language>
		<id>113</id>
		<ISO639_1>ps</ISO639_1>
		<name>Pushto</name>
	</language>
	<language>
		<id>114</id>
		<ISO639_1>pt</ISO639_1>
		<name>Portuguese</name>
	</language>
	<language>
		<id>115</id>
		<ISO639_1>qu</ISO639_1>
		<name>Quechua</name>
	</language>
	<language>
		<id>116</id>
		<ISO639_1>rm</ISO639_1>
		<name>Raeto-Romance</name>
	</language>
	<language>
		<id>117</id>
		<ISO639_1>rn</ISO639_1>
		<name>Rundi</name>
	</language>
	<language>
		<id>118</id>
		<ISO639_1>ro</ISO639_1>
		<name>Romanian</name>
	</language>
	<language>
		<id>119</id>
		<ISO639_1>ru</ISO639_1>
		<name>Russian</name>
	</language>
	<language>
		<id>120</id>
		<ISO639_1>rw</ISO639_1>
		<name>Kinyarwanda</name>
	</language>
	<language>
		<id>121</id>
		<ISO639_1>sa</ISO639_1>
		<name>Sanskrit</name>
	</language>
	<language>
		<id>122</id>
		<ISO639_1>sc</ISO639_1>
		<name>Sardinian</name>
	</language>
	<language>
		<id>123</id>
		<ISO639_1>sd</ISO639_1>
		<name>Sindhi</name>
	</language>
	<language>
		<id>124</id>
		<ISO639_1>se</ISO639_1>
		<name>Northern Sami</name>
	</language>
	<language>
		<id>125</id>
		<ISO639_1>sg</ISO639_1>
		<name>Sango</name>
	</language>
	<language>
		<id>126</id>
		<ISO639_1>si</ISO639_1>
		<name>Sinhalese</name>
	</language>
	<language>
		<id>127</id>
		<ISO639_1>sk</ISO639_1>
		<name>Slovak</name>
	</language>
	<language>
		<id>128</id>
		<ISO639_1>sl</ISO639_1>
		<name>Slovenian</name>
	</language>
	<language>
		<id>129</id>
		<ISO639_1>sm</ISO639_1>
		<name>Samoan</name>
	</language>
	<language>
		<id>130</id>
		<ISO639_1>sn</ISO639_1>
		<name>Shona</name>
	</language>
	<language>
		<id>131</id>
		<ISO639_1>so</ISO639_1>
		<name>Somali</name>
	</language>
	<language>
		<id>132</id>
		<ISO639_1>sq</ISO639_1>
		<name>Albanian</name>
	</language>
	<language>
		<id>133</id>
		<ISO639_1>sr</ISO639_1>
		<name>Serbian</name>
	</language>
	<language>
		<id>134</id>
		<ISO639_1>ss</ISO639_1>
		<name>Swati</name>
	</language>
	<language>
		<id>135</id>
		<ISO639_1>st</ISO639_1>
		<name>Sotho, Southern</name>
	</language>
	<language>
		<id>136</id>
		<ISO639_1>su</ISO639_1>
		<name>Sundanese</name>
	</language>
	<language>
		<id>137</id>
		<ISO639_1>sv</ISO639_1>
		<name>Swedish</name>
	</language>
	<language>
		<id>138</id>
		<ISO639_1>sw</ISO639_1>
		<name>Swahili</name>
	</language>
	<language>
		<id>139</id>
		<ISO639_1>ta</ISO639_1>
		<name>Tamil</name>
	</language>
	<language>
		<id>140</id>
		<ISO639_1>te</ISO639_1>
		<name>Telugu</name>
	</language>
	<language>
		<id>141</id>
		<ISO639_1>tg</ISO639_1>
		<name>Tajik</name>
	</language>
	<language>
		<id>142</id>
		<ISO639_1>th</ISO639_1>
		<name>Thai</name>
	</language>
	<language>
		<id>143</id>
		<ISO639_1>ti</ISO639_1>
		<name>Tigrinya</name>
	</language>
	<language>
		<id>144</id>
		<ISO639_1>tk</ISO639_1>
		<name>Turkmen</name>
	</language>
	<language>
		<id>145</id>
		<ISO639_1>tl</ISO639_1>
		<name>Tagalog</name>
	</language>
	<language>
		<id>146</id>
		<ISO639_1>tn</ISO639_1>
		<name>Tswana</name>
	</language>
	<language>
		<id>147</id>
		<ISO639_1>to</ISO639_1>
		<name>Tonga (Tonga Islands)</name>
	</language>
	<language>
		<id>148</id>
		<ISO639_1>tr</ISO639_1>
		<name>Turkish</name>
	</language>
	<language>
		<id>149</id>
		<ISO639_1>ts</ISO639_1>
		<name>Tsonga</name>
	</language>
	<language>
		<id>150</id>
		<ISO639_1>tt</ISO639_1>
		<name>Tatar</name>
	</language>
	<language>
		<id>151</id>
		<ISO639_1>tw</ISO639_1>
		<name>Twi</name>
	</language>
	<language>
		<id>152</id>
		<ISO639_1>ty</ISO639_1>
		<name>Tahitian</name>
	</language>
	<language>
		<id>153</id>
		<ISO639_1>ug</ISO639_1>
		<name>Uighur</name>
	</language>
	<language>
		<id>154</id>
		<ISO639_1>uk</ISO639_1>
		<name>Ukrainian</name>
	</language>
	<language>
		<id>155</id>
		<ISO639_1>ur</ISO639_1>
		<name>Urdu</name>
	</language>
	<language>
		<id>156</id>
		<ISO639_1>uz</ISO639_1>
		<name>Uzbek</name>
	</language>
	<language>
		<id>157</id>
		<ISO639_1>vi</ISO639_1>
		<name>Vietnamese</name>
	</language>
	<language>
		<id>158</id>
		<ISO639_1>vo</ISO639_1>
		<name>Volapük</name>
	</language>
	<language>
		<id>159</id>
		<ISO639_1>wo</ISO639_1>
		<name>Wolof</name>
	</language>
	<language>
		<id>160</id>
		<ISO639_1>xh</ISO639_1>
		<name>Xhosa</name>
	</language>
	<language>
		<id>161</id>
		<ISO639_1>yi</ISO639_1>
		<name>Yiddish</name>
	</language>
	<language>
		<id>162</id>
		<ISO639_1>yo</ISO639_1>
		<name>Yoruba</name>
	</language>
	<language>
		<id>163</id>
		<ISO639_1>za</ISO639_1>
		<name>Zhuang</name>
	</language>
	<language>
		<id>164</id>
		<ISO639_1>zh</ISO639_1>
		<name>Chinese</name>
	</language>
	<language>
		<id>165</id>
		<ISO639_1>zu</ISO639_1>
		<name>Zulu</name>
	</language>
</languages>
