<?xml version="1.0" encoding="UTF-8"?>
<links>
	<title>Hyperlinki</title>
	<content>
		<h3>GeoNetwork opensource Community website</h3>
		<a target="_blank" href="http://geonetwork-opensource.org">The GeoNetwork opensource Community website zawiera dokumentacje, kursy, ćwiczenia itp.</a><br/>
		<h3>GeoNetwork @ FAO-UN i WFP-UN</h3>
		<a target="_blank" href="http://www.fao.org/geonetwork">GeoNetwork w Organizacji Żywności i Rolnictwa Narodów Zjednoczonych</a><br/>
		<a target="_blank" href="http://vam.wfp.org/vamsie">GeoNetwork w Dziale Analizy Zagrożeń i Danych Przestrznnych Światowego Programu Żywności (WFP)</a><br/>
		<h3>Standardy Infrastruktury Przestrzennej</h3>
		<a target="_blank" href="http://www.gsdi.org/">Global Spatial Data Infrastructure (GSDI)</a><br/>
		<a target="_blank" href="http://www.opengeospatial.org/">Open Geospatial Consortium (OGC)</a><br/>
		<a target="_blank" href="http://www.isotc211.org/">ISO - TC211</a> Geographic information/Geomatics<br/>
		<h3>Geographic Metadata Standard ISO-19115 related</h3>
		<p>
			UNGIWG ISO 19115 metadata template draft version 1.0 <a target="_blank" href="http://www.fao.org/geonetwork/html/en/UN_ISO_19115_metadata_template_draft_version_1.0.xml','XML">(XML template z danymi przykładowymi)</a>
			&#160;&#160;
			<a target="_blank" href="http://www.fao.org/geonetwork/html/en/UN_ISO_19115_metadata_template_draft_version_1.0.doc">(Descriptive Word document)</a>
		</p>
		<p>
			<a target="_blank" href="http://www.fao.org/geonetwork/html/en/ReferenceServices.htm','Online Resource References">Propozycja specyfikacji serwisów dla zasobów "ISO19115 online"</a>
		</p>
		<h3>Inicjatywy "Mapowe"</h3>
		<a target="_blank" href="http://www.digitalearth.gov/">Digital Earth</a><br/>
		<a target="_blank" href="http://www.iscgm.org/">Global Mapping</a><br/>
		<p/>
		<h3>Inne</h3>
		<a target="_blank" href="http://www.ungiwg.org/">UNGIWG</a> United Nations Geographic Information Working Group<br/>
		<a target="_blank" href="http://www.fgdc.gov/">US Federal Geographic Data Committee (FDGC)</a>
		<p/>
		<h3>Zewnętrzne zasoby</h3>
		<a target="_blank" href="http://earlywarning.usgs.gov/adds/">African Data Dissemination Service</a><br/>
		<a target="_blank" href="http://www.ngdc.noaa.gov/">NOAA National Data Centers, NGDC</a><br/>
		<a target="_blank" href="http://www.nima.mil/">US National Imagery and Mapping Agency (NIMA)</a><br/>
		<a target="_blank" href="http://www.esri.com/data/">ESRI ArcData Online</a>
	</content>
</links>
