<?xml version="1.0" encoding="UTF-8"?>

<codelists>
	<!-- ==================================================== -->
	<codelist name="DateTypCd">
		<entry>
			<code>creation</code>
			<label>Creation</label>
			<description>date identifies when the resource was brought into existence</description>
		</entry>
		<!-- - - - - - - - - - - - - - - - - - - - - - - - - -->
		<entry>
			<code>publication</code>
			<label>Publication</label>
			<description>date identifies when the resource was issued</description>
		</entry>
		<!-- - - - - - - - - - - - - - - - - - - - - - - - - -->
		<entry>
			<code>revision</code>
			<label>Revision</label>
			<description>date identifies when the resource was examined or re-examined and improved or
				amended</description>
		</entry>
		<!-- - - - - - - - - - - - - - - - - - - - - - - - - -->
	</codelist>
	<!-- ==================================================== -->
	<codelist name="OnFunctcd">
		<entry>
			<code>download</code>
			<label>Download</label>
			<description>online instructions for transferring data from one storage device or system to
				another</description>
		</entry>
		<!-- - - - - - - - - - - - - - - - - - - - - - - - - -->
		<entry>
			<code>information</code>
			<label>Information</label>
			<description>online information about the resource</description>
		</entry>
		<!-- - - - - - - - - - - - - - - - - - - - - - - - - -->
		<entry>
			<code>offlineAccess</code>
			<label>Offline Access</label>
			<description>online instructions for requesting the resource from the
			provider</description>
		</entry>
		<!-- - - - - - - - - - - - - - - - - - - - - - - - - -->
		<entry>
			<code>order</code>
			<label>Order</label>
			<description>online order process for obtaining the resource</description>
		</entry>
		<!-- - - - - - - - - - - - - - - - - - - - - - - - - -->
		<entry>
			<code>search</code>
			<label>Search</label>
			<description>online search interface for seeking out information about the
			resource</description>
		</entry>
		<!-- - - - - - - - - - - - - - - - - - - - - - - - - -->
	</codelist>
	<!-- ==================================================== -->
	<codelist name="PresFormCd">
		<entry>
			<code>documentDigital</code>
			<label>Document Digital</label>
			<description>digital representation of a primarily textual item (can contain illustrations
				also)</description>
		</entry>
		<!-- - - - - - - - - - - - - - - - - - - - - - - - - -->
		<entry>
			<code>documentHardcopy</code>
			<label>Document Hardcopy</label>
			<description>representation of a primarily textual item (can contain illustrations also) on
				paper, photographic material, or other media</description>
		</entry>
		<!-- - - - - - - - - - - - - - - - - - - - - - - - - -->
		<entry>
			<code>imageDigital</code>
			<label>Image Digital</label>
			<description>likeness of natural or man-made features, objects, and activities acquired
				through the sensing of visual or any other segment of the electromagnetic spectrum by
				sensors, such as thermal infrared, and high resolution radar and stored in digital
				format</description>
		</entry>
		<!-- - - - - - - - - - - - - - - - - - - - - - - - - -->
		<entry>
			<code>imageHardcopy</code>
			<label>Image Hardcopy</label>
			<description>likeness of natural or man-made features, objects, and activities acquired
				through the sensing of visual or any other segment of the electromagnetic spectrum by
				sensors, such as thermal infrared, and high resolution radar and reproduced on paper,
				photographic material, or other media for use directly by the human user</description>
		</entry>
		<!-- - - - - - - - - - - - - - - - - - - - - - - - - -->
		<entry>
			<code>mapDigital</code>
			<label>Map Digital</label>
			<description>map represented in raster or vector form</description>
		</entry>
		<!-- - - - - - - - - - - - - - - - - - - - - - - - - -->
		<entry>
			<code>mapHardcopy</code>
			<label>Map Hardcopy</label>
			<description>map printed on paper, photographic material, or other media for use directly
				by the human user</description>
		</entry>
		<!-- - - - - - - - - - - - - - - - - - - - - - - - - -->
		<entry>
			<code>modelDigital</code>
			<label>Model Digital</label>
			<description>multi-dimensional digital representation of a feature, process,
			etc.</description>
		</entry>
		<!-- - - - - - - - - - - - - - - - - - - - - - - - - -->
		<entry>
			<code>modelHardcopy</code>
			<label>Model Hardcopy</label>
			<description>3-dimensional, physical model</description>
		</entry>
		<!-- - - - - - - - - - - - - - - - - - - - - - - - - -->
		<entry>
			<code>profileDigital</code>
			<label>Profile Digital</label>
			<description>vertical cross-section in digital form</description>
		</entry>
		<!-- - - - - - - - - - - - - - - - - - - - - - - - - -->
		<entry>
			<code>profileHardcopy</code>
			<label>Profile Hardcopy</label>
			<description>vertical cross-section printed on paper, etc.</description>
		</entry>
		<!-- - - - - - - - - - - - - - - - - - - - - - - - - -->
		<entry>
			<code>tableDigital</code>
			<label>Table Digital</label>
			<description>digital representation of facts or figures systematically displayed,
				especially in columns</description>
		</entry>
		<!-- - - - - - - - - - - - - - - - - - - - - - - - - -->
		<entry>
			<code>tableHardcopy</code>
			<label>Table Hardcopy</label>
			<description>representation of facts or figures systematically displayed, especially in
				columns, printed on paper, photographic material, or other media</description>
		</entry>
		<!-- - - - - - - - - - - - - - - - - - - - - - - - - -->
		<entry>
			<code>videoDigital</code>
			<label>Video Digital</label>
			<description>digital video recording</description>
		</entry>
		<!-- - - - - - - - - - - - - - - - - - - - - - - - - -->
		<entry>
			<code>videoHardcopy</code>
			<label>Video Hardcopy</label>
			<description>video recording on film</description>
		</entry>
		<!-- - - - - - - - - - - - - - - - - - - - - - - - - -->
	</codelist>
	<!-- ==================================================== -->
	<codelist name="RoleCd">
		<entry>
			<code>resourceProvider</code>
			<label>Resource Provider</label>
			<description>party that supplies the resource</description>
		</entry>
		<!-- - - - - - - - - - - - - - - - - - - - - - - - - -->
		<entry>
			<code>custodian</code>
			<label>Custodian</label>
			<description>party that accepts accountability and responsibility for the data and ensures
				appropriate care and maintenance of the resource</description>
		</entry>
		<!-- - - - - - - - - - - - - - - - - - - - - - - - - -->
		<entry>
			<code>owner</code>
			<label>Owner</label>
			<description>party that owns the resource</description>
		</entry>
		<!-- - - - - - - - - - - - - - - - - - - - - - - - - -->
		<entry>
			<code>user</code>
			<label>User</label>
			<description>party who uses the resource</description>
		</entry>
		<!-- - - - - - - - - - - - - - - - - - - - - - - - - -->
		<entry>
			<code>distributor</code>
			<label>Distributor</label>
			<description>party who distributes the resource</description>
		</entry>
		<!-- - - - - - - - - - - - - - - - - - - - - - - - - -->
		<entry>
			<code>originator</code>
			<label>Originator</label>
			<description>party who created the resource</description>
		</entry>
		<!-- - - - - - - - - - - - - - - - - - - - - - - - - -->
		<entry>
			<code>pointOfContact</code>
			<label>Point Of Contact</label>
			<description>party who can be contacted for acquiring knowledge about or acquisition of the
				resource</description>
		</entry>
		<!-- - - - - - - - - - - - - - - - - - - - - - - - - -->
		<entry>
			<code>principalInvestigator</code>
			<label>Principal Investigator</label>
			<description>key party responsible for gathering information and conducting
			research.</description>
		</entry>
		<!-- - - - - - - - - - - - - - - - - - - - - - - - - -->
		<entry>
			<code>processor</code>
			<label>Processor</label>
			<description>party who has processed the data in a manner such that the resource has been
				modified</description>
		</entry>
		<!-- - - - - - - - - - - - - - - - - - - - - - - - - -->
		<entry>
			<code>publisher</code>
			<label>Publisher</label>
			<description>party who published the resource</description>
		</entry>
		<!-- - - - - - - - - - - - - - - - - - - - - - - - - -->
	</codelist>
	<!-- ==================================================== -->
	<codelist name="EvalMethTypeCd">
		<entry>
			<code>directInternal</code>
			<label>Direct Internal</label>
			<description>method of evaluating the quality of a dataset based on inspection of items
				within the dataset, where all data required is internal to the dataset being
			evaluated</description>
		</entry>
		<!-- - - - - - - - - - - - - - - - - - - - - - - - - -->
		<entry>
			<code>directExternal</code>
			<label>Direct External</label>
			<description>method of evaluating the quality of a dataset based on inspection of items
				within the dataset, where reference data external to the dataset being evaluated is
				required</description>
		</entry>
		<!-- - - - - - - - - - - - - - - - - - - - - - - - - -->
		<entry>
			<code>indirect</code>
			<label>Indirect</label>
			<description>method of evaluating the quality of a dataset based on external
			knowledge</description>
		</entry>
		<!-- - - - - - - - - - - - - - - - - - - - - - - - - -->
	</codelist>
	<!-- ==================================================== -->
	<codelist name="AscTypeCd">
		<entry>
			<code>crossReference</code>
			<label>Cross Reference</label>
			<description>reference from one dataset to another</description>
		</entry>
		<!-- - - - - - - - - - - - - - - - - - - - - - - - - -->
		<entry>
			<code>largerWorkCitation</code>
			<label>Larger Work Citation</label>
			<description>reference to a master dataset of which this one is a part</description>
		</entry>
		<!-- - - - - - - - - - - - - - - - - - - - - - - - - -->
		<entry>
			<code>partOfSeamlessDatabase</code>
			<label>Part Of Seamless Database</label>
			<description>part of same structured set of data held in a computer</description>
		</entry>
		<!-- - - - - - - - - - - - - - - - - - - - - - - - - -->
		<entry>
			<code>source</code>
			<label>Source</label>
			<description>mapping and charting information from which the dataset content
			originates</description>
		</entry>
		<!-- - - - - - - - - - - - - - - - - - - - - - - - - -->
		<entry>
			<code>stereomate</code>
			<label>Stereomate</label>
			<description>part of a set of imagery that when used together, provides three-dimensional
				images</description>
		</entry>
		<!-- - - - - - - - - - - - - - - - - - - - - - - - - -->
	</codelist>
	<!-- ==================================================== -->
	<codelist name="InitTypCd">
		<entry>
			<code>campaign</code>
			<label>Campaign</label>
			<description>series of organized planned actions</description>
		</entry>
		<!-- - - - - - - - - - - - - - - - - - - - - - - - - -->
		<entry>
			<code>collection</code>
			<label>Collection</label>
			<description>accumulation of datasets assembled for a specific purpose</description>
		</entry>
		<!-- - - - - - - - - - - - - - - - - - - - - - - - - -->
		<entry>
			<code>exercise</code>
			<label>Exercise</label>
			<description>specific performance of a function or group of functions</description>
		</entry>
		<!-- - - - - - - - - - - - - - - - - - - - - - - - - -->
		<entry>
			<code>experiment</code>
			<label>Experiment</label>
			<description>process designed to find if something is effective or valid</description>
		</entry>
		<!-- - - - - - - - - - - - - - - - - - - - - - - - - -->
		<entry>
			<code>investigation</code>
			<label>Investigation</label>
			<description>search or systematic inquiry</description>
		</entry>
		<!-- - - - - - - - - - - - - - - - - - - - - - - - - -->
		<entry>
			<code>mission</code>
			<label>Mission</label>
			<description>specific operation of a data collection system</description>
		</entry>
		<!-- - - - - - - - - - - - - - - - - - - - - - - - - -->
		<entry>
			<code>nonImageSensor</code>
			<label>Non Image Sensor</label>
			<description>device or piece of equipment which detects or records</description>
		</entry>
		<!-- - - - - - - - - - - - - - - - - - - - - - - - - -->
		<entry>
			<code>operation</code>
			<label>Operation</label>
			<description>action that is part of a series of actions</description>
		</entry>
		<!-- - - - - - - - - - - - - - - - - - - - - - - - - -->
		<entry>
			<code>platform</code>
			<label>Platform</label>
			<description>vehicle or other support base that holds a sensor</description>
		</entry>
		<!-- - - - - - - - - - - - - - - - - - - - - - - - - -->
		<entry>
			<code>process</code>
			<label>Process</label>
			<description>method of doing something involving a number of steps</description>
		</entry>
		<!-- - - - - - - - - - - - - - - - - - - - - - - - - -->
		<entry>
			<code>program</code>
			<label>Program</label>
			<description>specific planned activity</description>
		</entry>
		<!-- - - - - - - - - - - - - - - - - - - - - - - - - -->
		<entry>
			<code>project</code>
			<label>Project</label>
			<description>organized undertaking, research, or development</description>
		</entry>
		<!-- - - - - - - - - - - - - - - - - - - - - - - - - -->
		<entry>
			<code>study</code>
			<label>Study</label>
			<description>examination or investigation</description>
		</entry>
		<!-- - - - - - - - - - - - - - - - - - - - - - - - - -->
		<entry>
			<code>task</code>
			<label>Task</label>
			<description>piece of work</description>
		</entry>
		<!-- - - - - - - - - - - - - - - - - - - - - - - - - -->
		<entry>
			<code>trial</code>
			<label>Trial</label>
			<description>process of testing to discover or demonstrate something</description>
		</entry>
		<!-- - - - - - - - - - - - - - - - - - - - - - - - - -->
	</codelist>
	<!-- ==================================================== -->
	<codelist name="CellGeoCd">
		<entry>
			<code>point</code>
			<label>Point</label>
			<description>each cell represents a point</description>
		</entry>
		<!-- - - - - - - - - - - - - - - - - - - - - - - - - -->
		<entry>
			<code>area</code>
			<label>Area</label>
			<description>each cell represents an area</description>
		</entry>
		<!-- - - - - - - - - - - - - - - - - - - - - - - - - -->
	</codelist>
	<!-- ==================================================== -->
	<codelist name="CharSetCd">
		<entry>
			<code>ucs2</code>
			<label>Ucs2</label>
			<description>16-bit fixed size Universal Character Set, based on ISO 10646</description>
		</entry>
		<!-- - - - - - - - - - - - - - - - - - - - - - - - - -->
		<entry>
			<code>ucs4</code>
			<label>Ucs4</label>
			<description>32-bit fixed size Universal Character Set, based on ISO 10646</description>
		</entry>
		<!-- - - - - - - - - - - - - - - - - - - - - - - - - -->
		<entry>
			<code>utf7</code>
			<label>Utf7</label>
			<description>7-bit variable size UCS Transfer Format, based on ISO 10646</description>
		</entry>
		<!-- - - - - - - - - - - - - - - - - - - - - - - - - -->
		<entry>
			<code>utf8</code>
			<label>Utf8</label>
			<description>8-bit variable size UCS Transfer Format, based on ISO 10646</description>
		</entry>
		<!-- - - - - - - - - - - - - - - - - - - - - - - - - -->
		<entry>
			<code>utf16</code>
			<label>Utf16</label>
			<description>16-bit variable size UCS Transfer Format, based on ISO 10646</description>
		</entry>
		<!-- - - - - - - - - - - - - - - - - - - - - - - - - -->
		<entry>
			<code>8859part1</code>
			<label>8859 part 1</label>
			<description>latin-1, west European code set</description>
		</entry>
		<!-- - - - - - - - - - - - - - - - - - - - - - - - - -->
		<entry>
			<code>8859part2</code>
			<label>8859 part 2</label>
			<description>latin-2, central European code set</description>
		</entry>
		<!-- - - - - - - - - - - - - - - - - - - - - - - - - -->
		<entry>
			<code>8859part3</code>
			<label>8859 part 3</label>
			<description>latin-3, south European code set</description>
		</entry>
		<!-- - - - - - - - - - - - - - - - - - - - - - - - - -->
		<entry>
			<code>8859part4</code>
			<label>8859 part 4</label>
			<description>latin-4, north European code set</description>
		</entry>
		<!-- - - - - - - - - - - - - - - - - - - - - - - - - -->
		<entry>
			<code>8859part5</code>
			<label>8859 part 5</label>
			<description>cyrillic code set</description>
		</entry>
		<!-- - - - - - - - - - - - - - - - - - - - - - - - - -->
		<entry>
			<code>8859part6</code>
			<label>8859 part 6</label>
			<description>arabic code set</description>
		</entry>
		<!-- - - - - - - - - - - - - - - - - - - - - - - - - -->
		<entry>
			<code>8859part7</code>
			<label>8859 part 7</label>
			<description>greek code set</description>
		</entry>
		<!-- - - - - - - - - - - - - - - - - - - - - - - - - -->
		<entry>
			<code>8859part8</code>
			<label>8859 part 8</label>
			<description>hebrew code set</description>
		</entry>
		<!-- - - - - - - - - - - - - - - - - - - - - - - - - -->
		<entry>
			<code>8859part9</code>
			<label>8859 part 9</label>
			<description>latin-5, Turkish code set</description>
		</entry>
		<!-- - - - - - - - - - - - - - - - - - - - - - - - - -->
		<entry>
			<code>8859part11</code>
			<label>8859 part 11</label>
			<description>thai code set</description>
		</entry>
		<!-- - - - - - - - - - - - - - - - - - - - - - - - - -->
		<entry>
			<code>8859part14</code>
			<label>8859 part 14</label>
			<description>latin-8 code set</description>
		</entry>
		<!-- - - - - - - - - - - - - - - - - - - - - - - - - -->
		<entry>
			<code>8859part15</code>
			<label>8859 part 15</label>
			<description>latin-9 code set</description>
		</entry>
		<!-- - - - - - - - - - - - - - - - - - - - - - - - - -->
		<entry>
			<code>jis</code>
			<label>Jis</label>
			<description>japanese code set used for electronic transmission</description>
		</entry>
		<!-- - - - - - - - - - - - - - - - - - - - - - - - - -->
		<entry>
			<code>shiftJIS</code>
			<label>ShiftJIS</label>
			<description>japanese code set used on MS-DOS based machines</description>
		</entry>
		<!-- - - - - - - - - - - - - - - - - - - - - - - - - -->
		<entry>
			<code>eucJP</code>
			<label>EucJP</label>
			<description>japanese code set used on UNIX based machines</description>
		</entry>
		<!-- - - - - - - - - - - - - - - - - - - - - - - - - -->
		<entry>
			<code>usAscii</code>
			<label>UsAscii</label>
			<description>united states ASCII code set (ISO 646 US)</description>
		</entry>
		<!-- - - - - - - - - - - - - - - - - - - - - - - - - -->
		<entry>
			<code>ebcdic</code>
			<label>Ebcdic</label>
			<description>ibm mainframe code set</description>
		</entry>
		<!-- - - - - - - - - - - - - - - - - - - - - - - - - -->
		<entry>
			<code>eucKR</code>
			<label>EucKR</label>
			<description>korean code set</description>
		</entry>
		<!-- - - - - - - - - - - - - - - - - - - - - - - - - -->
		<entry>
			<code>big5</code>
			<label>Big5</label>
			<description>taiwanese code set</description>
		</entry>
		<!-- - - - - - - - - - - - - - - - - - - - - - - - - -->
	</codelist>
	<!-- ==================================================== -->
	<codelist name="ClasscationCd">
		<entry>
			<code>unclassified</code>
			<label>Unclassified</label>
			<description>available for general disclosure</description>
		</entry>
		<!-- - - - - - - - - - - - - - - - - - - - - - - - - -->
		<entry>
			<code>restricted</code>
			<label>Restricted</label>
			<description>not for general disclosure</description>
		</entry>
		<!-- - - - - - - - - - - - - - - - - - - - - - - - - -->
		<entry>
			<code>confidential</code>
			<label>Confidential</label>
			<description>available for someone who can be entrusted with information</description>
		</entry>
		<!-- - - - - - - - - - - - - - - - - - - - - - - - - -->
		<entry>
			<code>secret</code>
			<label>Secret</label>
			<description>kept or meant to be kept private, unknown, or hidden from all but a select
				group of people</description>
		</entry>
		<!-- - - - - - - - - - - - - - - - - - - - - - - - - -->
		<entry>
			<code>topsecret</code>
			<label>Topsecret</label>
			<description>of the highest secrecy</description>
		</entry>
		<!-- - - - - - - - - - - - - - - - - - - - - - - - - -->
	</codelist>
	<!-- ==================================================== -->
	<codelist name="ContentTypCd">
		<entry>
			<code>image</code>
			<label>Image</label>
			<description>meaningful numerical representation of a physical parameter that is not the
				actual value of the physical parameter</description>
		</entry>
		<!-- - - - - - - - - - - - - - - - - - - - - - - - - -->
		<entry>
			<code>thematicClassification</code>
			<label>Thematic Classification</label>
			<description>code value with no quantitative meaning, used to represent a physical
			quantity</description>
		</entry>
		<!-- - - - - - - - - - - - - - - - - - - - - - - - - -->
		<entry>
			<code>physicalMeasurement</code>
			<label>Physical Measurement</label>
			<description>value in physical units of the quantity being measured</description>
		</entry>
		<!-- - - - - - - - - - - - - - - - - - - - - - - - - -->
	</codelist>
	<!-- ==================================================== -->
	<codelist name="DatatypeCd">
		<entry>
			<code>class</code>
			<label>Class</label>
			<description>descriptor of a set of objects that share the same attributes, operations,
				methods, relationships, and behavior</description>
		</entry>
		<!-- - - - - - - - - - - - - - - - - - - - - - - - - -->
		<entry>
			<code>codelist</code>
			<label>Codelist</label>
			<description>flexible enumeration useful for expressing a long list of values, can be
				extended</description>
		</entry>
		<!-- - - - - - - - - - - - - - - - - - - - - - - - - -->
		<entry>
			<code>enumeration</code>
			<label>Enumeration</label>
			<description>data type whose instances form a list of named literal values, not
			extendable</description>
		</entry>
		<!-- - - - - - - - - - - - - - - - - - - - - - - - - -->
		<entry>
			<code>codelistElement</code>
			<label>Codelist Element</label>
			<description>permissible value for a codelist or enumeration</description>
		</entry>
		<!-- - - - - - - - - - - - - - - - - - - - - - - - - -->
		<entry>
			<code>abstractClass</code>
			<label>Abstract Class</label>
			<description>class that cannot be directly instantiated</description>
		</entry>
		<!-- - - - - - - - - - - - - - - - - - - - - - - - - -->
		<entry>
			<code>aggregateClass</code>
			<label>Aggregate Class</label>
			<description>class that is composed of classes it is connected to by an aggregate
				relationship</description>
		</entry>
		<!-- - - - - - - - - - - - - - - - - - - - - - - - - -->
		<entry>
			<code>specifiedClass</code>
			<label>Specified Class</label>
			<description>subclass that may be substituted for its superclass</description>
		</entry>
		<!-- - - - - - - - - - - - - - - - - - - - - - - - - -->
		<entry>
			<code>datatypeClass</code>
			<label>Datatype Class</label>
			<description>class with few or no operations whose primary purpose is to hold the abstract
				state of another class for transmittal, storage, encoding or persistent
			storage</description>
		</entry>
		<!-- - - - - - - - - - - - - - - - - - - - - - - - - -->
		<entry>
			<code>interfaceClass</code>
			<label>Interface Class</label>
			<description>named set of operations that characterize the behavior of an
			element</description>
		</entry>
		<!-- - - - - - - - - - - - - - - - - - - - - - - - - -->
		<entry>
			<code>unionClass</code>
			<label>Union Class</label>
			<description>class describing a selection of one of the specified types</description>
		</entry>
		<!-- - - - - - - - - - - - - - - - - - - - - - - - - -->
		<entry>
			<code>metaclass</code>
			<label>Metaclass</label>
			<description>class whose instances are classes</description>
		</entry>
		<!-- - - - - - - - - - - - - - - - - - - - - - - - - -->
		<entry>
			<code>typeClass</code>
			<label>Type Class</label>
			<description>class used for specification of a domain of instances (objects), together with
				the operations applicable to the objects. A type may have attributes and
			associations</description>
		</entry>
		<!-- - - - - - - - - - - - - - - - - - - - - - - - - -->
		<entry>
			<code>characterString</code>
			<label>Character String</label>
			<description>free text field</description>
		</entry>
		<!-- - - - - - - - - - - - - - - - - - - - - - - - - -->
		<entry>
			<code>integer</code>
			<label>Integer</label>
			<description>numerical field</description>
		</entry>
		<!-- - - - - - - - - - - - - - - - - - - - - - - - - -->
		<entry>
			<code>association</code>
			<label>Association</label>
			<description>semantic relationship between two classes that involves connections among
				their instances</description>
		</entry>
		<!-- - - - - - - - - - - - - - - - - - - - - - - - - -->
	</codelist>
	<!-- ==================================================== -->
	<codelist name="DimNameTypCd">
		<entry>
			<code>row</code>
			<label>Row</label>
			<description>ordinate (y) axis</description>
		</entry>
		<!-- - - - - - - - - - - - - - - - - - - - - - - - - -->
		<entry>
			<code>column</code>
			<label>Column</label>
			<description>abscissa (x) axis</description>
		</entry>
		<!-- - - - - - - - - - - - - - - - - - - - - - - - - -->
		<entry>
			<code>vertical</code>
			<label>Vertical</label>
			<description>vertical (z) axis</description>
		</entry>
		<!-- - - - - - - - - - - - - - - - - - - - - - - - - -->
		<entry>
			<code>track</code>
			<label>Track</label>
			<description>along the direction of motion of the scan point</description>
		</entry>
		<!-- - - - - - - - - - - - - - - - - - - - - - - - - -->
		<entry>
			<code>crossTrack</code>
			<label>Cross Track</label>
			<description>perpendicular to the direction of motion of the scan point</description>
		</entry>
		<!-- - - - - - - - - - - - - - - - - - - - - - - - - -->
		<entry>
			<code>line</code>
			<label>Line</label>
			<description>scan line of a sensor</description>
		</entry>
		<!-- - - - - - - - - - - - - - - - - - - - - - - - - -->
		<entry>
			<code>sample</code>
			<label>Sample</label>
			<description>element along a scan line</description>
		</entry>
		<!-- - - - - - - - - - - - - - - - - - - - - - - - - -->
		<entry>
			<code>time</code>
			<label>Time</label>
			<description>duration</description>
		</entry>
		<!-- - - - - - - - - - - - - - - - - - - - - - - - - -->
	</codelist>
	<!-- ==================================================== -->
	<codelist name="GeoObjTypCd">
		<entry>
			<code>complexes</code>
			<label>Complexes</label>
			<description>set of geometric primitives such that their boundaries can be represented as a
				union of other primitives</description>
		</entry>
		<!-- - - - - - - - - - - - - - - - - - - - - - - - - -->
		<entry>
			<code>composites</code>
			<label>Composites</label>
			<description>connected set of curves, solids or surfaces</description>
		</entry>
		<!-- - - - - - - - - - - - - - - - - - - - - - - - - -->
		<entry>
			<code>curve</code>
			<label>Curve</label>
			<description>bounded, 1-dimensional geometric primitive, representing the continuous image
				of a line</description>
		</entry>
		<!-- - - - - - - - - - - - - - - - - - - - - - - - - -->
		<entry>
			<code>point</code>
			<label>Point</label>
			<description>zero-dimensional geometric primitive, representing a position but not having
				an extent</description>
		</entry>
		<!-- - - - - - - - - - - - - - - - - - - - - - - - - -->
		<entry>
			<code>solid</code>
			<label>Solid</label>
			<description>bounded, connected 3-dimensional geometric primitive, representing the
				continuous image of a region of space</description>
		</entry>
		<!-- - - - - - - - - - - - - - - - - - - - - - - - - -->
		<entry>
			<code>surface</code>
			<label>Surface</label>
			<description>bounded, connected 2-dimensional geometric, representing the continuous image
				of a region of a plane</description>
		</entry>
		<!-- - - - - - - - - - - - - - - - - - - - - - - - - -->
	</codelist>
	<!-- ==================================================== -->
	<codelist name="ImgCondCd">
		<entry>
			<code>blurredImage</code>
			<label>Blurred Image</label>
			<description>portion of the image is blurred</description>
		</entry>
		<!-- - - - - - - - - - - - - - - - - - - - - - - - - -->
		<entry>
			<code>cloud</code>
			<label>Cloud</label>
			<description>portion of the image is partially obscured by cloud cover</description>
		</entry>
		<!-- - - - - - - - - - - - - - - - - - - - - - - - - -->
		<entry>
			<code>degradingObliquity</code>
			<label>Degrading Obliquity</label>
			<description>acute angle between the plane of the ecliptic (the plane of the Earth's orbit)
				and the plane of the celestial equator</description>
		</entry>
		<!-- - - - - - - - - - - - - - - - - - - - - - - - - -->
		<entry>
			<code>fog</code>
			<label>Fog</label>
			<description>portion of the image is partially obscured by fog</description>
		</entry>
		<!-- - - - - - - - - - - - - - - - - - - - - - - - - -->
		<entry>
			<code>heavySmokeOrDust</code>
			<label>Heavy Smoke Or Dust</label>
			<description>portion of the image is partially obscured by heavy smoke or
			dust</description>
		</entry>
		<!-- - - - - - - - - - - - - - - - - - - - - - - - - -->
		<entry>
			<code>night</code>
			<label>Night</label>
			<description>image was taken at night</description>
		</entry>
		<!-- - - - - - - - - - - - - - - - - - - - - - - - - -->
		<entry>
			<code>rain</code>
			<label>Rain</label>
			<description>image was taken during rainfall</description>
		</entry>
		<!-- - - - - - - - - - - - - - - - - - - - - - - - - -->
		<entry>
			<code>semiDarkness</code>
			<label>Semi Darkness</label>
			<description>image was taken during semi-dark conditions-twilight conditions</description>
		</entry>
		<!-- - - - - - - - - - - - - - - - - - - - - - - - - -->
		<entry>
			<code>shadow</code>
			<label>Shadow</label>
			<description>portion of the image is obscured by shadow</description>
		</entry>
		<!-- - - - - - - - - - - - - - - - - - - - - - - - - -->
		<entry>
			<code>snow</code>
			<label>Snow</label>
			<description>portion of the image is obscured by snow</description>
		</entry>
		<!-- - - - - - - - - - - - - - - - - - - - - - - - - -->
		<entry>
			<code>terrainMasking</code>
			<label>Terrain Masking</label>
			<description>the absence of collection data of a given point or area caused by the relative
				location of topographic features which obstruct the collection path between the
				collector(s) and the subject(s) of interest</description>
		</entry>
		<!-- - - - - - - - - - - - - - - - - - - - - - - - - -->
	</codelist>
	<!-- ==================================================== -->
	<codelist name="KeyTypCd">
		<entry>
			<code>discipline</code>
			<label>Discipline</label>
			<description>keyword identifies a branch of instruction or specialized
			learning</description>
		</entry>
		<!-- - - - - - - - - - - - - - - - - - - - - - - - - -->
		<entry>
			<code>place</code>
			<label>Place</label>
			<description>keyword identifies a location</description>
		</entry>
		<!-- - - - - - - - - - - - - - - - - - - - - - - - - -->
		<entry>
			<code>stratum</code>
			<label>Stratum</label>
			<description>keyword identifies the layer(s) of any deposited substance</description>
		</entry>
		<!-- - - - - - - - - - - - - - - - - - - - - - - - - -->
		<entry>
			<code>temporal</code>
			<label>Temporal</label>
			<description>keyword identifies a time period related to the dataset</description>
		</entry>
		<!-- - - - - - - - - - - - - - - - - - - - - - - - - -->
		<entry>
			<code>theme</code>
			<label>Theme</label>
			<description>keyword identifies a particular subject or topic</description>
		</entry>
		<!-- - - - - - - - - - - - - - - - - - - - - - - - - -->
	</codelist>
	<!-- ==================================================== -->
	<codelist name="MaintFreqCd">
		<entry>
			<code>continual</code>
			<label>Continual</label>
			<description>data is repeatedly and frequently updated</description>
		</entry>
		<!-- - - - - - - - - - - - - - - - - - - - - - - - - -->
		<entry>
			<code>daily</code>
			<label>Daily</label>
			<description>data is updated each day</description>
		</entry>
		<!-- - - - - - - - - - - - - - - - - - - - - - - - - -->
		<entry>
			<code>weekly</code>
			<label>Weekly</label>
			<description>data is updated on a weekly basis</description>
		</entry>
		<!-- - - - - - - - - - - - - - - - - - - - - - - - - -->
		<entry>
			<code>fortnightly</code>
			<label>Fortnightly</label>
			<description>data is updated every two weeks</description>
		</entry>
		<!-- - - - - - - - - - - - - - - - - - - - - - - - - -->
		<entry>
			<code>monthly</code>
			<label>Monthly</label>
			<description>data is updated each month</description>
		</entry>
		<!-- - - - - - - - - - - - - - - - - - - - - - - - - -->
		<entry>
			<code>quarterly</code>
			<label>Quarterly</label>
			<description>data is updated every three months</description>
		</entry>
		<!-- - - - - - - - - - - - - - - - - - - - - - - - - -->
		<entry>
			<code>biannually</code>
			<label>Biannually</label>
			<description>data is updated twice each year</description>
		</entry>
		<!-- - - - - - - - - - - - - - - - - - - - - - - - - -->
		<entry>
			<code>annually</code>
			<label>Annually</label>
			<description>data is updated every year</description>
		</entry>
		<!-- - - - - - - - - - - - - - - - - - - - - - - - - -->
		<entry>
			<code>asNeeded</code>
			<label>As Needed</label>
			<description>data is updated as deemed necessary</description>
		</entry>
		<!-- - - - - - - - - - - - - - - - - - - - - - - - - -->
		<entry>
			<code>irregular</code>
			<label>Irregular</label>
			<description>data is updated in intervals that are uneven in duration</description>
		</entry>
		<!-- - - - - - - - - - - - - - - - - - - - - - - - - -->
		<entry>
			<code>notPlanned</code>
			<label>Not Planned</label>
			<description>there are no plans to update the data</description>
		</entry>
		<!-- - - - - - - - - - - - - - - - - - - - - - - - - -->
		<entry>
			<code>unknown</code>
			<label>Unknown</label>
			<description>frequency of maintenance for the data is not known</description>
		</entry>
		<!-- - - - - - - - - - - - - - - - - - - - - - - - - -->
	</codelist>
	<!-- ==================================================== -->
	<codelist name="MedFormCd">
		<entry>
			<code>cpio</code>
			<label>Cpio</label>
			<description>CoPy In / Out (UNIX file format and command)</description>
		</entry>
		<!-- - - - - - - - - - - - - - - - - - - - - - - - - -->
		<entry>
			<code>tar</code>
			<label>Tar</label>
			<description>Tap ARchive</description>
		</entry>
		<!-- - - - - - - - - - - - - - - - - - - - - - - - - -->
		<entry>
			<code>highSierra</code>
			<label>High Sierra</label>
			<description>high sierra file system</description>
		</entry>
		<!-- - - - - - - - - - - - - - - - - - - - - - - - - -->
		<entry>
			<code>iso9660</code>
			<label>Iso9660</label>
			<description>information processing - volume and file structure of CD-ROM</description>
		</entry>
		<!-- - - - - - - - - - - - - - - - - - - - - - - - - -->
		<entry>
			<code>iso9660RockRidge</code>
			<label>Iso9660 Rock Ridge</label>
			<description>rock ridge interchange protocol (UNIX)</description>
		</entry>
		<!-- - - - - - - - - - - - - - - - - - - - - - - - - -->
		<entry>
			<code>iso9660AppleHFS</code>
			<label>Iso9660 Apple HFS</label>
			<description>hierarchical file system (Macintosh)</description>
		</entry>
		<!-- - - - - - - - - - - - - - - - - - - - - - - - - -->
	</codelist>
	<!-- ==================================================== -->
	<codelist name="MedNameCd">
		<entry>
			<code>cdRom</code>
			<label>Cd Rom</label>
			<description>read-only optical disk</description>
		</entry>
		<!-- - - - - - - - - - - - - - - - - - - - - - - - - -->
		<entry>
			<code>dvd</code>
			<label>Dvd</label>
			<description>digital versatile disk</description>
		</entry>
		<!-- - - - - - - - - - - - - - - - - - - - - - - - - -->
		<entry>
			<code>dvdRom</code>
			<label>Dvd Rom</label>
			<description>digital versatile disk, read only</description>
		</entry>
		<!-- - - - - - - - - - - - - - - - - - - - - - - - - -->
		<entry>
			<code>3halfInchFloppy</code>
			<label>3 half Inch Floppy</label>
			<description>3,5 inch magnetic disk</description>
		</entry>
		<!-- - - - - - - - - - - - - - - - - - - - - - - - - -->
		<entry>
			<code>5quarterInchFloppy</code>
			<label>5 quarter Inch Floppy</label>
			<description>5,25 inch magnetic disk</description>
		</entry>
		<!-- - - - - - - - - - - - - - - - - - - - - - - - - -->
		<entry>
			<code>7trackTape</code>
			<label>7 track Tape</label>
			<description>7 track magnetic tape</description>
		</entry>
		<!-- - - - - - - - - - - - - - - - - - - - - - - - - -->
		<entry>
			<code>9trackTape</code>
			<label>9 track Tape</label>
			<description>9 track magnetic tape</description>
		</entry>
		<!-- - - - - - - - - - - - - - - - - - - - - - - - - -->
		<entry>
			<code>3480Cartridge</code>
			<label>3480 Cartridge</label>
			<description>3480 cartridge tape drive</description>
		</entry>
		<!-- - - - - - - - - - - - - - - - - - - - - - - - - -->
		<entry>
			<code>3490Cartridge</code>
			<label>3490 Cartridge</label>
			<description>3490 cartridge tape drive</description>
		</entry>
		<!-- - - - - - - - - - - - - - - - - - - - - - - - - -->
		<entry>
			<code>3580Cartridge</code>
			<label>3580 Cartridge</label>
			<description>3580 cartridge tape drive</description>
		</entry>
		<!-- - - - - - - - - - - - - - - - - - - - - - - - - -->
		<entry>
			<code>4mmCartridgeTape</code>
			<label>4mm Cartridge Tape</label>
			<description>4 millimetre magnetic tape</description>
		</entry>
		<!-- - - - - - - - - - - - - - - - - - - - - - - - - -->
		<entry>
			<code>8mmCartridgeTape</code>
			<label>8mm Cartridge Tape</label>
			<description>8 millimetre magnetic tape</description>
		</entry>
		<!-- - - - - - - - - - - - - - - - - - - - - - - - - -->
		<entry>
			<code>1quarterInchCartridgeTape</code>
			<label>1 quarter Inch Cartridge Tape</label>
			<description>0,25 inch magnetic tape</description>
		</entry>
		<!-- - - - - - - - - - - - - - - - - - - - - - - - - -->
		<entry>
			<code>digitalLinearTape</code>
			<label>Digital Linear Tape</label>
			<description>half inch cartridge streaming tape drive</description>
		</entry>
		<!-- - - - - - - - - - - - - - - - - - - - - - - - - -->
		<entry>
			<code>onLine</code>
			<label>On Line</label>
			<description>direct computer linkage</description>
		</entry>
		<!-- - - - - - - - - - - - - - - - - - - - - - - - - -->
		<entry>
			<code>satellite</code>
			<label>Satellite</label>
			<description>linkage through a satellite communication system</description>
		</entry>
		<!-- - - - - - - - - - - - - - - - - - - - - - - - - -->
		<entry>
			<code>telephoneLink</code>
			<label>Telephone Link</label>
			<description>communication through a telephone network</description>
		</entry>
		<!-- - - - - - - - - - - - - - - - - - - - - - - - - -->
		<entry>
			<code>hardcopy</code>
			<label>Hardcopy</label>
			<description>pamphlet or leaflet giving descriptive information</description>
		</entry>
		<!-- - - - - - - - - - - - - - - - - - - - - - - - - -->
	</codelist>
	<!-- ==================================================== -->
	<codelist name="ObCd">
		<entry>
			<code>mandatory</code>
			<label>Mandatory</label>
			<description>element is always required</description>
		</entry>
		<!-- - - - - - - - - - - - - - - - - - - - - - - - - -->
		<entry>
			<code>optional</code>
			<label>Optional</label>
			<description>element is not required Name Domain code Definition</description>
		</entry>
		<!-- - - - - - - - - - - - - - - - - - - - - - - - - -->
		<entry>
			<code>conditional</code>
			<label>Conditional</label>
			<description>element is required when specific a specific condition is met</description>
		</entry>
		<!-- - - - - - - - - - - - - - - - - - - - - - - - - -->
	</codelist>
	<!-- ==================================================== -->
	<codelist name="PixOrientCd">
		<entry>
			<code>center</code>
			<label>Center</label>
			<description>point halfway between the lower left and the upper right of the
			pixel</description>
		</entry>
		<!-- - - - - - - - - - - - - - - - - - - - - - - - - -->
		<entry>
			<code>lowerLeft</code>
			<label>Lower Left</label>
			<description>"the corner in the pixel closest to the origin of the SRS; if two are at the
				same distance from the origin, the one with the smallest x-value"</description>
		</entry>
		<!-- - - - - - - - - - - - - - - - - - - - - - - - - -->
		<entry>
			<code>lowerRight</code>
			<label>Lower Right</label>
			<description>next corner counterclockwise from the lower left</description>
		</entry>
		<!-- - - - - - - - - - - - - - - - - - - - - - - - - -->
		<entry>
			<code>upperRight</code>
			<label>Upper Right</label>
			<description>next corner counterclockwise from the lower right</description>
		</entry>
		<!-- - - - - - - - - - - - - - - - - - - - - - - - - -->
		<entry>
			<code>upperLeft</code>
			<label>Upper Left</label>
			<description>next corner counterclockwise from the upper right</description>
		</entry>
		<!-- - - - - - - - - - - - - - - - - - - - - - - - - -->
	</codelist>
	<!-- ==================================================== -->
	<codelist name="ProgCd">
		<entry>
			<code>completed</code>
			<label>Completed</label>
			<description>production of the data has been completed</description>
		</entry>
		<!-- - - - - - - - - - - - - - - - - - - - - - - - - -->
		<entry>
			<code>historicalArchive</code>
			<label>Historical Archive</label>
			<description>data has been stored in an offline storage facility</description>
		</entry>
		<!-- - - - - - - - - - - - - - - - - - - - - - - - - -->
		<entry>
			<code>obsolete</code>
			<label>Obsolete</label>
			<description>data is no longer relevant</description>
		</entry>
		<!-- - - - - - - - - - - - - - - - - - - - - - - - - -->
		<entry>
			<code>onGoing</code>
			<label>On Going</label>
			<description>data is continually being updated</description>
		</entry>
		<!-- - - - - - - - - - - - - - - - - - - - - - - - - -->
		<entry>
			<code>planned</code>
			<label>Planned</label>
			<description>fixed date has been established upon or by which the data will be created or
				updated</description>
		</entry>
		<!-- - - - - - - - - - - - - - - - - - - - - - - - - -->
		<entry>
			<code>required</code>
			<label>Required</label>
			<description>data needs to be generated or updated</description>
		</entry>
		<!-- - - - - - - - - - - - - - - - - - - - - - - - - -->
		<entry>
			<code>underdevelopment</code>
			<label>Under development</label>
			<description>data is currently in the process of being created</description>
		</entry>
		<!-- - - - - - - - - - - - - - - - - - - - - - - - - -->
	</codelist>
	<!-- ==================================================== -->
	<codelist name="RestrictCd">
		<entry>
			<code>copyright</code>
			<label>Copyright</label>
			<description>exclusive right to the publication, production, or sale of the rights to a
				literary, dramatic, musical, or artistic work, or to the use of a commercial print or
				label, granted by law for a specified period of time to an author, composer, artist,
				distributor</description>
		</entry>
		<!-- - - - - - - - - - - - - - - - - - - - - - - - - -->
		<entry>
			<code>patent</code>
			<label>Patent</label>
			<description>government has granted exclusive right to make, sell, use or license an
				invention or discovery</description>
		</entry>
		<!-- - - - - - - - - - - - - - - - - - - - - - - - - -->
		<entry>
			<code>patentPending</code>
			<label>Patent Pending</label>
			<description>produced or sold information awaiting a patent</description>
		</entry>
		<!-- - - - - - - - - - - - - - - - - - - - - - - - - -->
		<entry>
			<code>trademark</code>
			<label>Trademark</label>
			<description>a name, symbol, or other device identifying a product, officially registered
				and legally restricted to the use of the owner or manufacturer</description>
		</entry>
		<!-- - - - - - - - - - - - - - - - - - - - - - - - - -->
		<entry>
			<code>license</code>
			<label>License</label>
			<description>formal permission to do something</description>
		</entry>
		<!-- - - - - - - - - - - - - - - - - - - - - - - - - -->
		<entry>
			<code>intellectualPropertyRights</code>
			<label>Intellectual Property Rights</label>
			<description>rights to financial benefit from and control of distribution of non-tangible
				property that is a result of creativity</description>
		</entry>
		<!-- - - - - - - - - - - - - - - - - - - - - - - - - -->
		<entry>
			<code>restricted</code>
			<label>Restricted</label>
			<description>withheld from general circulation or disclosure</description>
		</entry>
		<!-- - - - - - - - - - - - - - - - - - - - - - - - - -->
		<entry>
			<code>otherRestictions</code>
			<label>Other Restictions</label>
			<description>limitation not listed</description>
		</entry>
		<!-- - - - - - - - - - - - - - - - - - - - - - - - - -->
	</codelist>
	<!-- ==================================================== -->
	<codelist name="ScopeCd">
		<entry>
			<code>attribute</code>
			<label>Attribute</label>
			<description>information applies to the attribute class</description>
		</entry>
		<!-- - - - - - - - - - - - - - - - - - - - - - - - - -->
		<entry>
			<code>attributeType</code>
			<label>Attribute Type</label>
			<description>information applies to the characteristic of a feature</description>
		</entry>
		<!-- - - - - - - - - - - - - - - - - - - - - - - - - -->
		<entry>
			<code>collectionHardware</code>
			<label>Collection Hardware</label>
			<description>information applies to the collection hardware class</description>
		</entry>
		<!-- - - - - - - - - - - - - - - - - - - - - - - - - -->
		<entry>
			<code>collectionSession</code>
			<label>Collection Session</label>
			<description>information applies to the collection session</description>
		</entry>
		<!-- - - - - - - - - - - - - - - - - - - - - - - - - -->
		<entry>
			<code>dataset</code>
			<label>Dataset</label>
			<description>information applies to the dataset</description>
		</entry>
		<!-- - - - - - - - - - - - - - - - - - - - - - - - - -->
		<entry>
			<code>series</code>
			<label>Series</label>
			<description>information applies to the series</description>
		</entry>
		<!-- - - - - - - - - - - - - - - - - - - - - - - - - -->
		<entry>
			<code>nonGeographicDataset</code>
			<label>Non Geographic Dataset</label>
			<description>information applies to non-geographic data</description>
		</entry>
		<!-- - - - - - - - - - - - - - - - - - - - - - - - - -->
		<entry>
			<code>dimensionGroup</code>
			<label>Dimension Group</label>
			<description>information applies to a dimension group</description>
		</entry>
		<!-- - - - - - - - - - - - - - - - - - - - - - - - - -->
		<entry>
			<code>feature</code>
			<label>Feature</label>
			<description>information applies to a feature</description>
		</entry>
		<!-- - - - - - - - - - - - - - - - - - - - - - - - - -->
		<entry>
			<code>featureType</code>
			<label>Feature Type</label>
			<description>information applies to a feature type</description>
		</entry>
		<!-- - - - - - - - - - - - - - - - - - - - - - - - - -->
		<entry>
			<code>propertyType</code>
			<label>Property Type</label>
			<description>information applies to a property type</description>
		</entry>
		<!-- - - - - - - - - - - - - - - - - - - - - - - - - -->
		<entry>
			<code>fieldSession</code>
			<label>Field Session</label>
			<description>information applies to a field session</description>
		</entry>
		<!-- - - - - - - - - - - - - - - - - - - - - - - - - -->
		<entry>
			<code>software</code>
			<label>Software</label>
			<description>information applies to a computer program or routine</description>
		</entry>
		<!-- - - - - - - - - - - - - - - - - - - - - - - - - -->
		<entry>
			<code>service</code>
			<label>Service</label>
			<description>information applies to a capability which a service provider entity makes
				available to a service user entity through a set of interfaces that define a behaviour,
				such as a use case</description>
		</entry>
		<!-- - - - - - - - - - - - - - - - - - - - - - - - - -->
		<entry>
			<code>model</code>
			<label>Model</label>
			<description>information applies to a copy or imitation of an existing or hypothetical
				object</description>
		</entry>
		<!-- - - - - - - - - - - - - - - - - - - - - - - - - -->
	</codelist>
	<!-- ==================================================== -->
	<codelist name="SpatRepTypCd">
		<entry>
			<code>vector</code>
			<label>Vector</label>
			<description>vector data is used to represent geographic data</description>
		</entry>
		<!-- - - - - - - - - - - - - - - - - - - - - - - - - -->
		<entry>
			<code>grid</code>
			<label>Grid</label>
			<description>grid data is used to represent geographic data</description>
		</entry>
		<!-- - - - - - - - - - - - - - - - - - - - - - - - - -->
		<entry>
			<code>textTable</code>
			<label>Text Table</label>
			<description>textual or tabular data is used to represent geographic data</description>
		</entry>
		<!-- - - - - - - - - - - - - - - - - - - - - - - - - -->
		<entry>
			<code>tin</code>
			<label>Tin</label>
			<description>triangulated irregular network</description>
		</entry>
		<!-- - - - - - - - - - - - - - - - - - - - - - - - - -->
		<entry>
			<code>stereoModel</code>
			<label>Stereo Model</label>
			<description>three-dimensional view formed by the intersecting homologous rays of an
				overlapping pair of images</description>
		</entry>
		<!-- - - - - - - - - - - - - - - - - - - - - - - - - -->
		<entry>
			<code>video</code>
			<label>Video</label>
			<description>scene from a video recording</description>
		</entry>
		<!-- - - - - - - - - - - - - - - - - - - - - - - - - -->
	</codelist>
	<!-- ==================================================== -->
	<codelist name="TopicCatCd">
		<entry>
			<code>farming</code>
			<label>Farming</label>
			<description>rearing of animals and/or cultivation of plants</description>
		</entry>
		<!-- - - - - - - - - - - - - - - - - - - - - - - - - -->
		<entry>
			<code>biota</code>
			<label>Biota</label>
			<description>flora and/or fauna in natural environment</description>
		</entry>
		<!-- - - - - - - - - - - - - - - - - - - - - - - - - -->
		<entry>
			<code>boundaries</code>
			<label>Boundaries</label>
			<description>legal land descriptions</description>
		</entry>
		<!-- - - - - - - - - - - - - - - - - - - - - - - - - -->
		<entry>
			<code>climatologyMeteorologyAtmosphere</code>
			<label>Climatology Meteorology Atmosphere</label>
			<description>processes and phenomena of the atmosphere</description>
		</entry>
		<!-- - - - - - - - - - - - - - - - - - - - - - - - - -->
		<entry>
			<code>economy</code>
			<label>Economy</label>
			<description>economic activities, conditions and employment</description>
		</entry>
		<!-- - - - - - - - - - - - - - - - - - - - - - - - - -->
		<entry>
			<code>elevation</code>
			<label>Elevation</label>
			<description>height above or below sea level</description>
		</entry>
		<!-- - - - - - - - - - - - - - - - - - - - - - - - - -->
		<entry>
			<code>environment</code>
			<label>Environment</label>
			<description>environmental resources, protection and conservation</description>
		</entry>
		<!-- - - - - - - - - - - - - - - - - - - - - - - - - -->
		<entry>
			<code>geoscientificInformation</code>
			<label>Geoscientific Information</label>
			<description>information pertaining to earth sciences</description>
		</entry>
		<!-- - - - - - - - - - - - - - - - - - - - - - - - - -->
		<entry>
			<code>health</code>
			<label>Health</label>
			<description>health, health services, human ecology, and safety</description>
		</entry>
		<!-- - - - - - - - - - - - - - - - - - - - - - - - - -->
		<entry>
			<code>imageryBaseMapsEarthCover</code>
			<label>Imagery Base Maps Earth Cover</label>
			<description>base maps</description>
		</entry>
		<!-- - - - - - - - - - - - - - - - - - - - - - - - - -->
		<entry>
			<code>intelligenceMilitary</code>
			<label>Intelligence Military</label>
			<description>military bases, structures, activities</description>
		</entry>
		<!-- - - - - - - - - - - - - - - - - - - - - - - - - -->
		<entry>
			<code>inlandWaters</code>
			<label>Inland Waters</label>
			<description>inland water features, drainage systems and their
			characteristics</description>
		</entry>
		<!-- - - - - - - - - - - - - - - - - - - - - - - - - -->
		<entry>
			<code>location</code>
			<label>Location</label>
			<description>positional information and services</description>
		</entry>
		<!-- - - - - - - - - - - - - - - - - - - - - - - - - -->
		<entry>
			<code>oceans</code>
			<label>Oceans</label>
			<description>features and characteristics of salt water bodies (excluding inland
			waters)</description>
		</entry>
		<!-- - - - - - - - - - - - - - - - - - - - - - - - - -->
		<entry>
			<code>planningCadastre</code>
			<label>Planning Cadastre</label>
			<description>information used for appropriate actions for future use of the
			land</description>
		</entry>
		<!-- - - - - - - - - - - - - - - - - - - - - - - - - -->
		<entry>
			<code>society</code>
			<label>Society</label>
			<description>characteristics of society and cultures</description>
		</entry>
		<!-- - - - - - - - - - - - - - - - - - - - - - - - - -->
		<entry>
			<code>structure</code>
			<label>Structure</label>
			<description>man-made construction</description>
		</entry>
		<!-- - - - - - - - - - - - - - - - - - - - - - - - - -->
		<entry>
			<code>transportation</code>
			<label>Transportation</label>
			<description>means and aids for conveying persons and/or goods</description>
		</entry>
		<!-- - - - - - - - - - - - - - - - - - - - - - - - - -->
		<entry>
			<code>utilitiesCommunication</code>
			<label>Utilities Communication</label>
			<description>energy, water and waste systems and communications infrastructure and
			services</description>
		</entry>
		<!-- - - - - - - - - - - - - - - - - - - - - - - - - -->
	</codelist>
	<!-- ==================================================== -->
	<codelist name="TopoLevCd">
		<entry>
			<code>geometryOnly</code>
			<label>Geometry Only</label>
			<description>geometry objects without any additional structure which describes
			topology</description>
		</entry>
		<!-- - - - - - - - - - - - - - - - - - - - - - - - - -->
		<entry>
			<code>topology1D</code>
			<label>Topology 1D</label>
			<description>1-dimensional topological complex</description>
		</entry>
		<!-- - - - - - - - - - - - - - - - - - - - - - - - - -->
		<entry>
			<code>planarGraph</code>
			<label>Planar Graph</label>
			<description>1-dimensional topological complex which is planar</description>
		</entry>
		<!-- - - - - - - - - - - - - - - - - - - - - - - - - -->
		<entry>
			<code>fullPlanarGraph</code>
			<label>Full Planar Graph</label>
			<description>2-dimensional topological complex which is planar</description>
		</entry>
		<!-- - - - - - - - - - - - - - - - - - - - - - - - - -->
		<entry>
			<code>surfaceGraph</code>
			<label>Surface Graph</label>
			<description>1-dimensional topological complex which is isomorphic to a subset of a
			surface</description>
		</entry>
		<!-- - - - - - - - - - - - - - - - - - - - - - - - - -->
		<entry>
			<code>fullSurfaceGraph</code>
			<label>Full Surface Graph</label>
			<description>2-dimensional topological complex which is isomorphic to a subset of a
			surface</description>
		</entry>
		<!-- - - - - - - - - - - - - - - - - - - - - - - - - -->
		<entry>
			<code>topology3D</code>
			<label>Topology 3D</label>
			<description>3-dimensional topological complex</description>
		</entry>
		<!-- - - - - - - - - - - - - - - - - - - - - - - - - -->
		<entry>
			<code>fullTopology3D</code>
			<label>Full Topology 3D</label>
			<description>complete coverage of a 3D coordinate space</description>
		</entry>
		<!-- - - - - - - - - - - - - - - - - - - - - - - - - -->
		<entry>
			<code>abstract</code>
			<label>Abstract</label>
			<description>topological complex without any specified geometric realization</description>
		</entry>
		<!-- - - - - - - - - - - - - - - - - - - - - - - - - -->
	</codelist>
	<!-- ==================================================== -->
</codelists>
